id,title,genres,averageRating,numVotes,releaseYear
tt5988370,Reis,"[""Biography"", ""Drama""]",1,74156,2017
tt7221896,"Cumali Ceber: Allah Seni Alsin","[""Comedy""]",1,39455,2017
tt13423846,"321 Action","[""Drama""]",1,10210,2020
tt20255706,"The Pogmentary","[""Biography"", ""Documentary"", ""Sport""]",1.1,13808,2022
tt21403988,"The Last Pharaoh","[""Documentary"", ""Drama"", ""History""]",1.1,12019,2023
tt21194980,"Golden Bull","[""Action"", ""Documentary"", ""Drama""]",1.1,11171,2022
tt7886848,"Sadak 2","[""Action"", ""Drama""]",1.2,96837,2020
tt27528139,"Queen Cleopatra","[""Documentary"", ""Drama"", ""History""]",1.2,86277,2023
tt6038600,Smolensk,"[""Drama"", ""Thriller""]",1.2,40221,2016
tt14878948,"15/07: Break of Dawn","[""Action"", ""Drama"", ""War""]",1.2,20685,2021
tt0421051,"Daniel the Wizard","[""Comedy"", ""Crime"", ""Fantasy""]",1.2,14926,2004
tt27530764,Rivals,"[""Documentary"", ""Drama"", ""History""]",1.2,10675,2023
tt8402090,"Cumali Ceber 2","[""Comedy""]",1.2,10368,2018
tt4009460,"Kirk Cameron's Saving Christmas","[""Comedy"", ""Family""]",1.3,16860,2014
tt0249516,Foodfight!,"[""Action"", ""Adventure"", ""Animation""]",1.3,12098,2012
tt1309000,Dream.net,"[""Comedy"", ""Romance"", ""Sport""]",1.3,10016,2009
tt4884540,"Angels Apocalypse","[""Action"", ""Fantasy"", ""Sci-Fi""]",1.4,42953,2015
tt14723224,"The Cost of Deception","[""Action"", ""Crime"", ""Drama""]",1.5,40614,2021
tt0270846,"Superbabies: Baby Geniuses 2","[""Comedy"", ""Family"", ""Sci-Fi""]",1.5,31790,2004
tt0808240,"Turks in Space","[""Action"", ""Comedy"", ""Sci-Fi""]",1.5,16820,2006
tt14153790,Velma,"[""Adventure"", ""Animation"", ""Comedy""]",1.6,79333,2023
tt0060666,"Manos: The Hands of Fate","[""Horror""]",1.6,37790,1966
tt3165608,"Justin Bieber's Believe","[""Documentary"", ""Music""]",1.6,17929,2013
tt1229827,"Jonas Brothers: The 3D Concert Experience","[""Biography"", ""Documentary"", ""Music""]",1.6,17555,2009
tt1702443,"Justin Bieber: Never Say Never","[""Documentary"", ""Music""]",1.7,76466,2011
tt4458206,"Code Name: K.O.Z.","[""Crime"", ""Mystery""]",1.7,27589,2015
tt1316037,"Birdemic: Shock and Terror","[""Horror"", ""Thriller""]",1.7,25800,2010
tt0417056,"Pledge This!","[""Comedy""]",1.7,18967,2006
tt12286260,"Santa Inc.","[""Animation"", ""Comedy"", ""Fantasy""]",1.7,15623,2021
tt1520498,"The Oogieloves in the Big Balloon Adventure","[""Adventure"", ""Family"", ""Fantasy""]",1.7,15492,2012
tt1640571,"Titanic II","[""Action"", ""Adventure"", ""Drama""]",1.7,13121,2010
tt0096870,"Going Overboard","[""Comedy""]",1.8,14703,1989
tt0059464,"Monster a Go-Go","[""Horror"", ""Sci-Fi""]",1.8,10106,1965
tt10888594,Radhe,"[""Action"", ""Crime"", ""Thriller""]",1.9,180234,2021
tt1213644,"Disaster Movie","[""Comedy"", ""Sci-Fi""]",1.9,95280,2008
tt7431594,"Race 3","[""Action"", ""Crime"", ""Thriller""]",1.9,48949,2018
tt0339034,"From Justin to Kelly","[""Comedy"", ""Music"", ""Musical""]",1.9,27111,2003
tt0054673,"The Beast of Yucca Flats","[""Horror"", ""Sci-Fi""]",1.9,10492,1961
tt7668842,"Enes Batur: Imagination or Reality?","[""Comedy""]",2,56193,2018
tt0804492,"The Hottie & the Nottie","[""Comedy"", ""Romance""]",2,39288,2008
tt19857862,"Now or Never!","[""Adventure"", ""Biography"", ""Drama""]",2,16381,2024
tt0317676,"House of the Dead","[""Action"", ""Adventure"", ""Horror""]",2.1,38896,2003
tt7255568,"Student of the Year 2","[""Action"", ""Comedy"", ""Drama""]",2.2,22882,2019
tt17444636,"Final Draft","[""Comedy"", ""Drama"", ""Romance""]",2.2,18999,2022
tt0193524,"The Star Wars Holiday Special","[""Adventure"", ""Family"", ""Musical""]",2.2,17253,1978
tt8366590,"Baaghi 3","[""Action"", ""Adventure"", ""Thriller""]",2.2,14138,2020
tt0089280,Hobgoblins,"[""Comedy"", ""Horror"", ""Sci-Fi""]",2.2,12586,1988
tt0362165,"Son of the Mask","[""Comedy"", ""Family"", ""Fantasy""]",2.3,60042,2005
tt1754700,"The Prototype","[""Action"", ""Sci-Fi"", ""Thriller""]",2.3,42901,2022
tt11873440,"Heropanti 2","[""Action"", ""Comedy"", ""Crime""]",2.3,27707,2022
tt0785077,"Who's Your Caddy?","[""Comedy"", ""Sport""]",2.3,15634,2007
tt0799949,"Epic Movie","[""Adventure"", ""Comedy"", ""Fantasy""]",2.4,110309,2007
tt0369226,"Alone in the Dark","[""Action"", ""Horror"", ""Sci-Fi""]",2.4,47364,2005
tt0118589,Glitter,"[""Drama"", ""Music"", ""Romance""]",2.4,24183,2001
tt6910020,"Nothing to Lose","[""Biography"", ""Drama""]",2.4,23131,2018
tt0185183,"Battlefield Earth","[""Action"", ""Adventure"", ""Sci-Fi""]",2.5,83844,2000
tt1098327,"Dragonball Evolution","[""Action"", ""Adventure"", ""Fantasy""]",2.5,80212,2009
tt10350922,Laxmii,"[""Action"", ""Comedy"", ""Horror""]",2.5,59018,2020
tt11762434,"Cosmic Sin","[""Action"", ""Sci-Fi""]",2.5,15354,2021
tt14121726,"Jeepers Creepers: Reborn","[""Horror"", ""Mystery"", ""Thriller""]",2.5,15215,2022
tt1350498,"Mega Shark vs. Giant Octopus","[""Action"", ""Adventure"", ""Comedy""]",2.5,11367,2009
tt10885444,"Khaali Peeli","[""Action"", ""Comedy"", ""Romance""]",2.5,10130,2020
tt0123366,"The View","[""Talk-Show""]",2.5,10012,1997
tt0299930,Gigli,"[""Comedy"", ""Crime"", ""Romance""]",2.6,51164,2003
tt4435072,Liger,"[""Action"", ""Drama"", ""Romance""]",2.6,47879,2022
tt0329200,"Home Alone 4: Taking Back the House","[""Comedy"", ""Crime"", ""Family""]",2.6,39992,2002
tt0118665,"Baby Geniuses","[""Comedy"", ""Crime"", ""Family""]",2.6,27819,1999
tt5013984,Gully,"[""Crime"", ""Drama""]",2.6,23073,2019
tt0116839,"Lawnmower Man 2: Beyond Cyberspace","[""Action"", ""Sci-Fi"", ""Thriller""]",2.6,10423,1995
tt12915716,Adipurush,"[""Action"", ""Adventure"", ""Drama""]",2.7,134356,2023
tt2574698,Gunday,"[""Action"", ""Drama"", ""Musical""]",2.7,60486,2014
tt1725047,"My Little Princess","[""Drama"", ""Family"", ""Romance""]",2.7,43593,2010
tt12996154,"365 Days: This Day","[""Drama"", ""Romance""]",2.7,25205,2022
tt1883367,"The Human Centipede III (Final Sequence)","[""Comedy"", ""Horror""]",2.7,20445,2015
tt1572311,"Tees Maar Khan","[""Comedy"", ""Crime""]",2.7,14615,2010
tt0058548,"Santa Claus Conquers the Martians","[""Adventure"", ""Comedy"", ""Family""]",2.7,12757,1964
tt1127884,"Hannah Montana and Miley Cyrus: Best of Both Worlds Concert","[""Documentary"", ""Music""]",2.7,12206,2008
tt0896036,"BloodRayne: Deliverance","[""Action"", ""Fantasy"", ""Western""]",2.7,11672,2007
tt1716747,"Hellraiser: Revelations","[""Horror""]",2.7,10156,2011
tt1073498,"Meet the Spartans","[""Comedy"", ""Fantasy""]",2.8,112308,2008
tt0466342,"Date Movie","[""Comedy"", ""Romance""]",2.8,62625,2006
tt5697572,Cats,"[""Comedy"", ""Drama"", ""Family""]",2.8,56654,2019
tt9096108,Rasbhari,"[""Drama"", ""Romance""]",2.8,15786,2019
tt4867110,Swiped,"[""Comedy"", ""Romance""]",2.8,12860,2018
tt21106646,"The Next 365 Days","[""Drama"", ""Romance""]",2.8,10635,2022
tt0110169,"It's Pat: The Movie","[""Comedy""]",2.8,10566,1994
tt13334578,Ganapath,"[""Action"", ""Drama"", ""Sci-Fi""]",2.8,10361,2023
tt1086761,"Keeping Up with the Kardashians","[""Family"", ""Reality-TV""]",2.9,31701,2007
tt19623240,"Winnie-the-Pooh: Blood and Honey","[""Horror""]",2.9,31298,2023
tt9820556,Breach,"[""Action"", ""Horror"", ""Sci-Fi""]",2.9,20207,2020
tt9624766,"Jiu Jitsu","[""Action"", ""Sci-Fi"", ""Thriller""]",2.9,10659,2020
tt0101615,"Cool as Ice","[""Comedy"", ""Drama"", ""Music""]",2.9,10566,1991
tt0093300,"Jaws: The Revenge","[""Adventure"", ""Horror"", ""Thriller""]",3,50611,1987
tt0383222,BloodRayne,"[""Action"", ""Fantasy"", ""Horror""]",3,37517,2005
tt0105643,"Troll 2","[""Comedy"", ""Fantasy"", ""Horror""]",3,35246,1990
tt7059844,"Dabangg 3","[""Action"", ""Comedy"", ""Crime""]",3,20541,2019
tt0120207,Steel,"[""Action"", ""Adventure"", ""Crime""]",3,15275,1997
tt0118539,"3 Ninjas: High Noon at Mega Mountain","[""Action"", ""Adventure"", ""Comedy""]",3,12528,1998
tt15281656,"The Holy Trinity","[""Horror""]",3,12287,2023
tt0353324,"The Crow: Wicked Prayer","[""Action"", ""Adventure"", ""Comedy""]",3,10042,2005
tt0299981,"Highlander: The Source","[""Action"", ""Adventure"", ""Drama""]",3,10015,2007
tt2467046,"Left Behind","[""Action"", ""Fantasy"", ""Sci-Fi""]",3.1,43074,2014
tt0246894,Rollerball,"[""Action"", ""Sci-Fi"", ""Sport""]",3.1,29980,2002
tt0116756,Kazaam,"[""Comedy"", ""Family"", ""Fantasy""]",3.1,25932,1996
tt0804452,Bratz,"[""Comedy"", ""Family"", ""Music""]",3.1,25077,2007
tt11656172,"Hard Kill","[""Action"", ""Thriller""]",3.1,19603,2020
tt2610768,"Celal and Ceren","[""Comedy"", ""Romance""]",3.2,43965,2013
tt2403029,"The Starving Games","[""Adventure"", ""Comedy"", ""Sci-Fi""]",3.2,22866,2013
tt0462244,"Daddy Day Camp","[""Comedy"", ""Family""]",3.2,18123,2007
tt0103923,"Captain America","[""Action"", ""Adventure"", ""Sci-Fi""]",3.2,15361,1990
tt0400426,"Far Cry","[""Action"", ""Adventure"", ""Sci-Fi""]",3.2,15125,2008
tt0499487,"Goal! III","[""Drama"", ""Romance"", ""Sport""]",3.2,13199,2009
tt0110647,"The NeverEnding Story III","[""Adventure"", ""Comedy"", ""Family""]",3.2,12609,1994
tt1619880,Sharktopus,"[""Action"", ""Adventure"", ""Comedy""]",3.2,11941,2010
tt6616074,"Amy Schumer: The Leather Special","[""Comedy""]",3.2,10667,2017
tt10886166,"365 Days","[""Drama"", ""Romance""]",3.3,100866,2020
tt0810913,"Jack and Jill","[""Comedy""]",3.3,91656,2011
tt2724064,Sharknado,"[""Action"", ""Adventure"", ""Comedy""]",3.3,53732,2013
tt5690360,"Slender Man","[""Horror"", ""Mystery"", ""Thriller""]",3.3,39449,2018
tt7608028,"The Open House","[""Horror"", ""Thriller""]",3.3,37629,2018
tt0110978,"Texas Chainsaw Massacre: The Next Generation","[""Comedy"", ""Horror"", ""Thriller""]",3.3,26664,1994
tt0065832,"Hercules in New York","[""Adventure"", ""Comedy"", ""Fantasy""]",3.3,19861,1970
tt5842616,"Veere Di Wedding","[""Comedy""]",3.3,13331,2018
tt1411664,"Bucky Larson: Born to Be a Star","[""Comedy""]",3.3,13009,2011
tt7851428,"First Signal","[""Drama"", ""Sci-Fi""]",3.3,12137,2021
tt0327554,Catwoman,"[""Action"", ""Crime"", ""Fantasy""]",3.4,127387,2004
tt4877122,"The Emoji Movie","[""Adventure"", ""Animation"", ""Comedy""]",3.4,73303,2017
tt1666186,"Vampires Suck","[""Comedy"", ""Horror""]",3.4,52268,2010
tt0329028,"Dumb and Dumberer: When Harry Met Lloyd","[""Comedy""]",3.4,42941,2003
tt0295427,"The Master of Disguise","[""Adventure"", ""Comedy"", ""Family""]",3.4,27677,2002
tt0295254,Feardotcom,"[""Crime"", ""Horror"", ""Thriller""]",3.4,22979,2002
tt6439558,"Recep Ivedik 5","[""Comedy""]",3.4,18331,2017
tt10739666,"Satyameva Jayate 2","[""Action"", ""Crime"", ""Drama""]",3.4,16192,2021
tt10930586,Shikara,"[""Drama"", ""History"", ""Romance""]",3.4,15505,2020
tt0095560,"Mac and Me","[""Adventure"", ""Comedy"", ""Family""]",3.4,14799,1988
tt0469111,"I'll Always Know What You Did Last Summer","[""Horror"", ""Mystery"", ""Thriller""]",3.4,13755,2006
tt1594972,"Norm of the North","[""Adventure"", ""Animation"", ""Comedy""]",3.4,10272,2016
tt0795461,"Scary Movie V","[""Comedy"", ""Horror""]",3.5,78463,2013
tt0110857,"Police Academy: Mission to Moscow","[""Comedy"", ""Crime""]",3.5,36662,1994
tt6990206,Crimea,"[""Action"", ""Drama""]",3.5,33637,2017
tt0115624,"Barb Wire","[""Action"", ""Sci-Fi""]",3.5,31679,1996
tt0372873,"Dragon Wars: D-War","[""Action"", ""Drama"", ""Fantasy""]",3.5,25524,2007
tt4667094,"Fifty Shades of Black","[""Comedy""]",3.5,23577,2016
tt10481868,"Black Christmas","[""Horror"", ""Mystery"", ""Thriller""]",3.5,19449,2019
tt3138104,"The Hungover Games","[""Adventure"", ""Comedy"", ""Fantasy""]",3.5,17200,2014
tt12335692,"Last Man Down","[""Action"", ""Sci-Fi""]",3.5,14129,2021
tt0157262,"2001: A Space Travesty","[""Comedy"", ""Sci-Fi""]",3.5,13066,2000
tt2308733,"Home Alone: The Holiday Heist","[""Comedy"", ""Crime"", ""Family""]",3.5,12889,2012
tt0094118,"Teen Wolf Too","[""Comedy"", ""Fantasy""]",3.5,12652,1987
tt3053228,"Day of the Dead: Bloodline","[""Action"", ""Drama"", ""Horror""]",3.5,12592,2017
tt0462395,"Larry the Cable Guy: Health Inspector","[""Comedy"", ""Romance""]",3.5,12556,2006
tt8923396,Jinn,"[""Drama"", ""Fantasy"", ""Horror""]",3.5,10584,2019
tt0368226,"The Room","[""Drama""]",3.6,96293,2003
tt0119707,"Mortal Kombat: Annihilation","[""Action"", ""Adventure"", ""Fantasy""]",3.6,58860,1997
tt8712204,Batwoman,"[""Action"", ""Adventure"", ""Crime""]",3.6,46806,2019
tt9196192,Cuties,"[""Drama""]",3.6,32841,2020
tt0897361,"I Know Who Killed Me","[""Horror"", ""Mystery"", ""Thriller""]",3.6,31200,2007
tt1517489,"Spy Kids 4: All the Time in the World","[""Action"", ""Adventure"", ""Comedy""]",3.6,28940,2011
tt0367093,"Starship Troopers 2: Hero of the Federation","[""Action"", ""Adventure"", ""Horror""]",3.6,24738,2004
tt11012066,"Home Sweet Home Alone","[""Comedy"", ""Crime"", ""Family""]",3.6,20709,2021
tt13439476,Kaamraj,"[""Drama""]",3.6,19145,2020
tt0291502,"Swept Away","[""Comedy"", ""Romance""]",3.6,18115,2002
tt6988116,Kalank,"[""Drama"", ""Romance""]",3.6,17267,2019
tt1185266,"Stan Helsing","[""Comedy"", ""Fantasy"", ""Horror""]",3.6,15124,2009
tt1231277,"S. Darko","[""Drama"", ""Mystery"", ""Sci-Fi""]",3.6,14609,2009
tt7721946,"Housefull 4","[""Action"", ""Comedy"", ""Drama""]",3.6,14527,2019
tt27785645,"Episode #1.7","[""Comedy"", ""Drama"", ""Romance""]",3.6,14465,2023
tt1153706,"Dance Flick","[""Action"", ""Comedy"", ""Music""]",3.6,12855,2009
tt5456546,"Judwaa 2","[""Action"", ""Comedy"", ""Romance""]",3.6,11900,2017
tt7312940,Singularity,"[""Action"", ""Adventure"", ""Drama""]",3.6,11746,2017
tt30007864,"The American Society of Magical Negroes","[""Comedy"", ""Fantasy""]",3.6,10811,2024
tt9592496,Pogaru,"[""Action""]",3.6,10365,2021
tt0094074,"Superman IV: The Quest for Peace","[""Action"", ""Adventure"", ""Sci-Fi""]",3.7,53719,1987
tt0085750,"Jaws 3-D","[""Adventure"", ""Horror"", ""Thriller""]",3.7,49434,1983
tt0432291,"The Fog","[""Horror"", ""Mystery""]",3.7,39749,2005
tt0120185,"Spice World","[""Comedy"", ""Family"", ""Music""]",3.7,38198,1997
tt0190374,"Dungeons & Dragons","[""Action"", ""Adventure"", ""Fantasy""]",3.7,36626,2000
tt0158622,"The Flintstones in Viva Rock Vegas","[""Comedy"", ""Family"", ""Romance""]",3.7,25879,2000
tt15387026,Destiny,"[""Action"", ""Adventure"", ""Drama""]",3.7,25857,2024
tt0891592,"Street Fighter: The Legend of Chun-Li","[""Action"", ""Crime"", ""Fantasy""]",3.7,25565,2009
tt0308208,"Ballistic: Ecks vs. Sever","[""Action"", ""Crime"", ""Mystery""]",3.7,21244,2002
tt0283877,"American Psycho II: All American Girl","[""Horror"", ""Thriller""]",3.7,18342,2002
tt1091617,"Expelled: No Intelligence Allowed","[""Documentary""]",3.7,12215,2008
tt0806147,"Extreme Movie","[""Comedy""]",3.7,11651,2008
tt0800003,"Delta Farce","[""Action"", ""Adventure"", ""Comedy""]",3.7,11568,2007
tt3832096,"Cabin Fever","[""Horror"", ""Sci-Fi"", ""Thriller""]",3.7,11365,2016
tt0120389,"Turbo: A Power Rangers Movie","[""Action"", ""Adventure"", ""Family""]",3.7,10054,1997
tt0118688,"Batman & Robin","[""Action"", ""Sci-Fi""]",3.8,271580,1997
tt0450345,"The Wicker Man","[""Horror"", ""Mystery"", ""Thriller""]",3.8,72346,2006
tt0811138,"The Love Guru","[""Comedy"", ""Romance"", ""Sport""]",3.8,55446,2008
tt0460780,"In the Name of the King: A Dungeon Siege Tale","[""Action"", ""Adventure"", ""Fantasy""]",3.8,51586,2007
tt1714203,"Piranha 3DD","[""Comedy"", ""Horror"", ""Sci-Fi""]",3.8,46082,2012
tt0118661,"The Avengers","[""Action"", ""Adventure"", ""Sci-Fi""]",3.8,45843,1998
tt0275022,Crossroads,"[""Comedy"", ""Drama"", ""Romance""]",3.8,45030,2002
tt1530509,"The Human Centipede 2 (Full Sequence)","[""Horror""]",3.8,44112,2011
tt0424774,"The Adventures of Sharkboy and Lavagirl 3-D","[""Action"", ""Adventure"", ""Comedy""]",3.8,43351,2005
tt0076009,"Exorcist II: The Heretic","[""Horror""]",3.8,29000,1977
tt3477064,"Recep Ivedik 4","[""Comedy""]",3.8,18834,2014
tt0094824,"Caddyshack II","[""Comedy"", ""Sport""]",3.8,16674,1988
tt21279138,"Maid in Malaca√±ang","[""Biography"", ""Drama""]",3.8,15741,2022
tt1104123,"The Scorpion King 2: Rise of a Warrior","[""Action"", ""Adventure"", ""Fantasy""]",3.8,14862,2008
tt7897330,"Deadly Illusions","[""Crime"", ""Drama"", ""Mystery""]",3.8,13902,2021
tt4059702,AmeriGeddon,"[""Action"", ""Adventure"", ""Drama""]",3.8,13388,2016
tt1552211,"The Last Days of American Crime","[""Action"", ""Crime"", ""Drama""]",3.8,12557,2020
tt10598156,Dhaakad,"[""Action"", ""Thriller""]",3.8,12151,2022
tt2292959,"The Canyons","[""Drama"", ""Thriller""]",3.8,12058,2013
tt0489598,"The Hills","[""Reality-TV""]",3.8,11616,2006
tt8328716,"Doom: Annihilation","[""Action"", ""Adventure"", ""Horror""]",3.8,10584,2019
tt0107612,"Mr. Nanny","[""Action"", ""Comedy"", ""Family""]",3.8,10338,1993
tt0082910,"Piranha II: The Spawning","[""Horror"", ""Sci-Fi"", ""Thriller""]",3.8,10133,1982
tt0120179,"Speed 2: Cruise Control","[""Action"", ""Adventure"", ""Crime""]",3.9,87081,1997
tt0220506,"Halloween: Resurrection","[""Horror"", ""Thriller""]",3.9,50307,2002
tt0052077,"Plan 9 from Outer Space","[""Horror"", ""Sci-Fi""]",3.9,41006,1957
tt1255919,"Holmes & Watson","[""Comedy"", ""Crime"", ""Mystery""]",3.9,39990,2018
tt0926129,"Prom Night","[""Horror""]",3.9,38556,2008
tt6513656,"Escape Plan 2: Hades","[""Action"", ""Crime"", ""Mystery""]",3.9,35962,2018
tt0365957,"You Got Served","[""Drama"", ""Music""]",3.9,28812,2004
tt0180052,"The Adventures of Pluto Nash","[""Action"", ""Comedy"", ""Sci-Fi""]",3.9,27303,2002
tt1014775,"Beverly Hills Chihuahua","[""Adventure"", ""Comedy"", ""Drama""]",3.9,26246,2008
tt1139592,"Jeepers Creepers III","[""Horror""]",3.9,24979,2017
tt1563069,"Jersey Shore","[""Comedy"", ""Reality-TV"", ""Romance""]",3.9,24703,2009
tt0433412,"Material Girls","[""Comedy"", ""Family"", ""Romance""]",3.9,22838,2006
tt5882970,Tubelight,"[""Drama"", ""War""]",3.9,22018,2017
tt1656171,Dam999,"[""Adventure"", ""Drama"", ""Sci-Fi""]",3.9,20749,2011
tt0492389,"Furry Vengeance","[""Comedy"", ""Family""]",3.9,18487,2010
tt7510346,"The Turning","[""Drama"", ""Horror"", ""Mystery""]",3.9,16530,2020
tt14865406,"Deep Fear","[""Action"", ""Horror"", ""Thriller""]",3.9,15532,2023
tt0106761,"Double Dragon","[""Action"", ""Adventure"", ""Comedy""]",3.9,14074,1994
tt1712159,11-11-11,"[""Horror"", ""Mystery"", ""Thriller""]",3.9,12648,2011
tt1273221,"London Fields","[""Crime"", ""Mystery"", ""Thriller""]",3.9,12482,2018
tt0160236,"Dudley Do-Right","[""Comedy"", ""Family"", ""Romance""]",3.9,11500,1999
tt11771594,"American Pie Presents: Girls' Rules","[""Comedy"", ""Romance""]",3.9,11233,2020
tt2364897,"The Disappointments Room","[""Drama"", ""Horror"", ""Thriller""]",3.9,10611,2016
tt1045655,"The Haunting of Molly Hartley","[""Drama"", ""Horror"", ""Thriller""]",3.9,10218,2008
tt6027920,"The Iron Throne","[""Action"", ""Adventure"", ""Drama""]",4,267479,2019
tt0938283,"The Last Airbender","[""Action"", ""Adventure"", ""Family""]",4,176652,2010
tt11057302,"Madame Web","[""Action"", ""Adventure"", ""Sci-Fi""]",4,89648,2024
tt3679040,"Kisi Ka Bhai Kisi Ki Jaan","[""Action"", ""Comedy"", ""Drama""]",4,41206,2023
tt0229260,"Book of Shadows: Blair Witch 2","[""Adventure"", ""Fantasy"", ""Horror""]",4,40540,2000
tt18072316,"Bade Miyan Chote Miyan","[""Action"", ""Adventure"", ""Sci-Fi""]",4,38332,2024
tt0479968,"One Missed Call","[""Horror"", ""Mystery""]",4,34353,2008
tt3062074,"Sharknado 2: The Second One","[""Action"", ""Adventure"", ""Comedy""]",4,20830,2014
tt10230426,"Mrs. Serial Killer","[""Crime"", ""Drama"", ""Thriller""]",4,19198,2020
tt2034139,"The Last Exorcism Part II","[""Horror"", ""Thriller""]",4,17153,2013
tt8066940,"Indian 2","[""Action"", ""Drama"", ""Thriller""]",4,15494,2024
tt8907992,"The Girl on the Train","[""Crime"", ""Drama"", ""Mystery""]",4,15129,2021
tt4600952,"The Guardians","[""Action"", ""Adventure"", ""Comedy""]",4,14732,2017
tt3899796,"Sharknado 3: Oh Hell No!","[""Action"", ""Adventure"", ""Comedy""]",4,14075,2015
tt14502344,They/Them,"[""Drama"", ""Horror"", ""Mystery""]",4,12192,2022
tt10303324,"Survive the Night","[""Action"", ""Drama"", ""Thriller""]",4,12072,2020
tt9625664,"Trauma Center","[""Action"", ""Thriller""]",4,12047,2019
tt0212235,"Shriek If You Know What I Did Last Friday the Thirteenth","[""Comedy"", ""Horror""]",4,11647,2000
tt11253090,Annaatthe,"[""Action"", ""Comedy"", ""Drama""]",4,10854,2021
tt8400758,"Killers Anonymous","[""Action"", ""Crime"", ""Mystery""]",4,10424,2019
tt13851804,Siavash,"[""Drama""]",4,10321,2021
tt1190617,"An American Carol","[""Comedy"", ""Fantasy""]",4,10155,2008
tt12262202,"The Acolyte","[""Action"", ""Adventure"", ""Drama""]",4.1,123762,2024
tt0312528,"The Cat in the Hat","[""Adventure"", ""Comedy"", ""Family""]",4.1,89300,2003
tt0111301,"Street Fighter","[""Action"", ""Adventure"", ""Comedy""]",4.1,76461,1994
tt0107254,"Jason Goes to Hell","[""Fantasy"", ""Horror"", ""Thriller""]",4.1,37823,1993
tt0329691,Torque,"[""Action"", ""Comedy"", ""Crime""]",4.1,29769,2004
tt1633356,"Shark Night","[""Action"", ""Horror"", ""Thriller""]",4.1,27417,2011
tt1679235,"Mean Girls 2","[""Comedy"", ""Drama""]",4.1,26178,2011
tt2375779,"Wrong Turn 5: Bloodlines","[""Adventure"", ""Horror""]",4.1,23632,2012
tt5970844,"Thugs of Hindostan","[""Action"", ""Adventure""]",4.1,22203,2018
tt5913798,Wounds,"[""Drama"", ""Horror"", ""Mystery""]",4.1,22164,2019
tt1433822,"The Apparition","[""Horror"", ""Thriller""]",4.1,20773,2012
tt0960890,"Zombie Strippers!","[""Comedy"", ""Horror"", ""Sci-Fi""]",4.1,19102,2008
tt3612032,"Wrong Turn 6: Last Resort","[""Adventure"", ""Horror""]",4.1,18045,2014
tt0120860,"From Dusk Till Dawn 2: Texas Blood Money","[""Crime"", ""Horror"", ""Thriller""]",4.1,17683,1999
tt0119718,"Mr. Magoo","[""Adventure"", ""Comedy"", ""Family""]",4.1,16335,1997
tt5103758,"Troy: Fall of a City","[""Action"", ""Adventure"", ""Fantasy""]",4.1,15684,2018
tt27785647,"Episode #1.8","[""Comedy"", ""Drama"", ""Romance""]",4.1,15171,2023
tt0120604,Beowulf,"[""Action"", ""Adventure"", ""Fantasy""]",4.1,12711,1999
tt7869070,"The Fanatic","[""Crime"", ""Drama"", ""Horror""]",4.1,12711,2019
tt4382872,Extraction,"[""Action"", ""Thriller""]",4.1,12121,2015
tt8433210,"A Dark Foe","[""Crime"", ""Drama"", ""Horror""]",4.1,11817,2020
tt0200469,Bats,"[""Horror"", ""Sci-Fi"", ""Thriller""]",4.1,11621,1999
tt12772746,Diverged,"[""Drama"", ""Horror"", ""Thriller""]",4.1,11590,2021
tt2322441,"Fifty Shades of Grey","[""Drama"", ""Romance"", ""Thriller""]",4.2,340614,2015
tt0477051,Norbit,"[""Comedy"", ""Romance""]",4.2,81073,2007
tt10280276,"Coolie No. 1","[""Action"", ""Comedy"", ""Romance""]",4.2,74355,2020
tt0108255,"Super Mario Bros.","[""Adventure"", ""Comedy"", ""Family""]",4.2,63846,1993
tt0107978,"RoboCop 3","[""Action"", ""Crime"", ""Sci-Fi""]",4.2,55316,1993
tt0141369,"Inspector Gadget","[""Action"", ""Adventure"", ""Comedy""]",4.2,51509,1999
tt0102034,"Highlander II: The Quickening","[""Action"", ""Adventure"", ""Fantasy""]",4.2,48591,1991
tt9660182,"Resident Evil","[""Action"", ""Horror"", ""Sci-Fi""]",4.2,46715,2022
tt1560985,"The Devil Inside","[""Horror""]",4.2,37826,2012
tt0357507,Boogeyman,"[""Drama"", ""Horror"", ""Mystery""]",4.2,32901,2005
tt0176269,"Universal Soldier: The Return","[""Action"", ""Sci-Fi""]",4.2,31074,1999
tt3120430,Mantus,"[""Comedy"", ""Drama"", ""Thriller""]",4.2,28725,2014
tt10062556,"Bhuj: The Pride of India","[""Action"", ""Drama"", ""History""]",4.2,25023,2021
tt2309260,"The Gallows","[""Horror"", ""Mystery"", ""Thriller""]",4.2,21834,2015
tt0318081,"A Sound of Thunder","[""Action"", ""Adventure"", ""Horror""]",4.2,20715,2005
tt3704538,"V/H/S Viral","[""Horror"", ""Thriller""]",4.2,19951,2014
tt2752758,"Devil's Due","[""Horror"", ""Mystery""]",4.2,17984,2014
tt3480796,Vice,"[""Action"", ""Sci-Fi"", ""Thriller""]",4.2,17200,2015
tt8597594,Adverse,"[""Crime"", ""Thriller""]",4.2,16215,2020
tt3838992,"Yoga Hosers","[""Action"", ""Comedy"", ""Horror""]",4.2,15767,2016
tt6372694,"Prisoners of the Ghostland","[""Fantasy"", ""Horror"", ""Thriller""]",4.2,14568,2021
tt5159414,"Escape Room","[""Horror"", ""Thriller""]",4.2,14226,2017
tt13978306,Brazen,"[""Crime"", ""Drama"", ""Mystery""]",4.2,13992,2022
tt0120786,"The Patriot","[""Action"", ""Thriller""]",4.2,13474,1998
tt0354623,"Hellraiser: Hellworld","[""Horror""]",4.2,13312,2005
tt7209472,"Aiyai: Wrathful Soul","[""Mystery"", ""Thriller""]",4.2,12895,2020
tt0410650,"Species III","[""Horror"", ""Sci-Fi""]",4.2,11204,2004
tt2933474,Superfast!,"[""Action"", ""Comedy"", ""Crime""]",4.2,11081,2015
tt2178508,"Son of Sardaar","[""Action"", ""Comedy"", ""Romance""]",4.2,10822,2012
tt0089200,Ghoulies,"[""Comedy"", ""Fantasy"", ""Horror""]",4.2,10627,1984
tt13452100,"Fabulous Lives of Bollywood Wives","[""Documentary"", ""Reality-TV"", ""Romance""]",4.2,10341,2020
tt11576124,Rogue,"[""Action"", ""Horror"", ""Thriller""]",4.2,10016,2020
tt1502712,"Fantastic Four","[""Action"", ""Adventure"", ""Sci-Fi""]",4.3,179737,2015
tt1071875,"Ghost Rider: Spirit of Vengeance","[""Action"", ""Fantasy"", ""Thriller""]",4.3,128132,2011
tt1043726,"The Legend of Hercules","[""Action"", ""Adventure"", ""Fantasy""]",4.3,56603,2014
tt15979666,"The Archies","[""Comedy"", ""Drama"", ""Musical""]",4.3,52945,2023
tt1620680,"A Wrinkle in Time","[""Adventure"", ""Drama"", ""Family""]",4.3,48282,2018
tt3089630,"Artemis Fowl","[""Adventure"", ""Family"", ""Fantasy""]",4.3,30717,2020
tt4030600,"The Bye Bye Man","[""Drama"", ""Fantasy"", ""Horror""]",4.3,26513,2017
tt2515086,"One Direction: This Is Us","[""Documentary"", ""Music""]",4.3,25015,2013
tt0844760,"Starship Troopers 3: Marauder","[""Action"", ""Adventure"", ""Sci-Fi""]",4.3,24816,2008
tt0422774,"Are We Done Yet?","[""Comedy"", ""Family""]",4.3,22857,2007
tt0319931,"American Idol","[""Documentary"", ""Game-Show"", ""Music""]",4.3,22339,2002
tt1577061,"Recep Ivedik 3","[""Comedy""]",4.3,21658,2010
tt0131704,"The Adventures of Rocky & Bullwinkle","[""Adventure"", ""Comedy"", ""Family""]",4.3,21366,2000
tt9649436,Enaaya,"[""Musical"", ""Romance""]",4.3,20092,2019
tt1392197,Marmaduke,"[""Comedy"", ""Family""]",4.3,17823,2010
tt0131646,"Wing Commander","[""Action"", ""Adventure"", ""Sci-Fi""]",4.3,17572,1999
tt6494418,Siberia,"[""Crime"", ""Drama"", ""Romance""]",4.3,17433,2018
tt13634480,"The Ice Age Adventures of Buck Wild","[""Adventure"", ""Animation"", ""Comedy""]",4.3,17254,2022
tt4019560,Exposed,"[""Crime"", ""Drama"", ""Mystery""]",4.3,17131,2016
tt0997047,"College Road Trip","[""Adventure"", ""Comedy"", ""Drama""]",4.3,16836,2008
tt0961722,"Cabin Fever 2: Spring Fever","[""Horror""]",4.3,15417,2009
tt1519461,"Area 51","[""Horror"", ""Mystery"", ""Sci-Fi""]",4.3,15358,2015
tt0167456,Thunderbirds,"[""Action"", ""Adventure"", ""Comedy""]",4.3,14620,2004
tt1320304,"30 Days of Night: Dark Days","[""Horror"", ""Thriller""]",4.3,14481,2010
tt4824308,"God's Not Dead 2","[""Drama""]",4.3,13725,2016
tt0790804,"The Comebacks","[""Comedy"", ""Sport""]",4.3,12129,2007
tt6003368,"Diary of a Wimpy Kid: The Long Haul","[""Adventure"", ""Comedy"", ""Family""]",4.3,11318,2017
tt1935302,"Monsters: Dark Continent","[""Action"", ""Drama"", ""Sci-Fi""]",4.3,11302,2014
tt10098288,Roohi,"[""Comedy"", ""Horror""]",4.3,11154,2021
tt13322120,"American Sicario","[""Action"", ""Crime"", ""Drama""]",4.3,10910,2021
tt0190524,"Left Behind: The Movie","[""Action"", ""Drama"", ""Fantasy""]",4.3,10709,2000
tt3803860,Puli,"[""Action"", ""Adventure"", ""Fantasy""]",4.3,10563,2015
tt4575328,"2036 Origin Unknown","[""Action"", ""Sci-Fi"", ""Thriller""]",4.3,10163,2018
tt1333125,"Movie 43","[""Comedy""]",4.4,114206,2013
tt14954666,"The Idol","[""Drama"", ""Music""]",4.4,112517,2023
tt1467304,"The Human Centipede (First Sequence)","[""Horror""]",4.4,89652,2009
tt0370032,Ultraviolet,"[""Action"", ""Sci-Fi""]",4.4,84544,2006
tt0338459,"Spy Kids 3: Game Over","[""Action"", ""Adventure"", ""Comedy""]",4.4,67491,2003
tt1592873,LOL,"[""Comedy"", ""Drama"", ""Romance""]",4.4,58557,2012
tt10155932,Cinderella,"[""Comedy"", ""Family"", ""Fantasy""]",4.4,47739,2021
tt0105477,"Stop! Or My Mom Will Shoot","[""Action"", ""Comedy""]",4.4,45321,1992
tt0430912,"Basic Instinct 2","[""Drama"", ""Mystery"", ""Thriller""]",4.4,42049,2006
tt3450650,"Paul Blart: Mall Cop 2","[""Action"", ""Comedy"", ""Crime""]",4.4,41908,2015
tt1615918,"Alvin and the Chipmunks: Chipwrecked","[""Adventure"", ""Comedy"", ""Family""]",4.4,40637,2011
tt0098105,"Police Academy 6: City Under Siege","[""Comedy"", ""Crime""]",4.4,33636,1989
tt0107438,"Look Who's Talking Now","[""Comedy"", ""Family"", ""Romance""]",4.4,31302,1993
tt0775440,Cell,"[""Action"", ""Adventure"", ""Horror""]",4.4,31136,2016
tt0115683,Bio-Dome,"[""Comedy""]",4.4,30231,1996
tt3612126,"The Grudge","[""Fantasy"", ""Horror""]",4.4,30124,2019
tt1464174,"Big Mommas: Like Father, Like Son","[""Action"", ""Comedy"", ""Crime""]",4.4,29921,2011
tt4590256,"He's All That","[""Comedy"", ""Romance""]",4.4,29556,2021
tt5635026,"Peter Pan & Wendy","[""Adventure"", ""Family"", ""Fantasy""]",4.4,28580,2023
tt2167202,Getaway,"[""Action"", ""Thriller""]",4.4,25436,2013
tt0088206,Supergirl,"[""Action"", ""Adventure"", ""Fantasy""]",4.4,24417,1984
tt3595298,"Prem Ratan Dhan Payo","[""Action"", ""Drama"", ""Musical""]",4.4,23908,2015
tt11112808,Cirkus,"[""Comedy"", ""Drama""]",4.4,23892,2022
tt6950476,Tejas,"[""Action"", ""Drama"", ""Thriller""]",4.4,23245,2023
tt0383060,Zoom,"[""Action"", ""Adventure"", ""Comedy""]",4.4,23104,2006
tt1748197,Setup,"[""Action"", ""Crime"", ""Drama""]",4.4,21891,2011
tt6745550,"Exit 0","[""Mystery"", ""Thriller""]",4.4,20677,2019
tt0393735,"The Shaggy Dog","[""Comedy"", ""Family"", ""Fantasy""]",4.4,20381,2006
tt0192731,"Urban Legends: Final Cut","[""Horror"", ""Mystery""]",4.4,19239,2000
tt0249380,Baise-moi,"[""Crime"", ""Drama"", ""Thriller""]",4.4,18745,2000
tt6772804,"Escape Plan: The Extractors","[""Action"", ""Crime"", ""Thriller""]",4.4,17564,2019
tt7456312,"The Last Thing He Wanted","[""Crime"", ""Drama"", ""Mystery""]",4.4,16924,2020
tt1287468,"Cats & Dogs: The Revenge of Kitty Galore","[""Action"", ""Comedy"", ""Family""]",4.4,16475,2010
tt0196267,"Cruel Intentions 2","[""Drama""]",4.4,16329,2000
tt11947158,"Ek Villain Returns","[""Action"", ""Crime"", ""Romance""]",4.4,15852,2022
tt6528290,"Knights of the Zodiac","[""Action"", ""Adventure"", ""Drama""]",4.4,14492,2023
tt0113010,"Fair Game","[""Action"", ""Romance"", ""Thriller""]",4.4,14053,1995
tt8195518,Cuck,"[""Crime"", ""Drama"", ""Thriller""]",4.4,13637,2019
tt0396592,"Fat Albert","[""Comedy"", ""Family"", ""Fantasy""]",4.4,13146,2004
tt2314824,"Behaving Badly","[""Comedy"", ""Romance""]",4.4,12488,2014
tt0337636,"Hellraiser: Deader","[""Horror"", ""Mystery"", ""Thriller""]",4.4,12159,2005
tt3774790,"400 Days","[""Mystery"", ""Sci-Fi"", ""Thriller""]",4.4,11333,2015
tt3584496,"Mermaid Down","[""Fantasy"", ""Horror"", ""Mystery""]",4.4,11199,2019
tt0334965,"Bring It on: Again","[""Comedy"", ""Sport""]",4.4,10996,2004
tt0469916,"Hollow Man II","[""Action"", ""Horror"", ""Sci-Fi""]",4.4,10403,2006
tt0113762,"The Mangler","[""Horror"", ""Mystery""]",4.4,10147,1995
tt1564585,Skyline,"[""Action"", ""Sci-Fi"", ""Thriller""]",4.5,92733,2010
tt1241317,"Death Note","[""Crime"", ""Drama"", ""Fantasy""]",4.5,91627,2017
tt1261945,"Sex and the City 2","[""Comedy"", ""Drama"", ""Romance""]",4.5,85130,2010
tt3554046,"Space Jam: A New Legacy","[""Adventure"", ""Animation"", ""Comedy""]",4.5,82061,2021
tt4477536,"Fifty Shades Freed","[""Drama"", ""Mystery"", ""Romance""]",4.5,76369,2018
tt0329774,"xXx: State of the Union","[""Action"", ""Adventure"", ""Crime""]",4.5,74274,2005
tt0211443,"Jason X","[""Action"", ""Horror"", ""Sci-Fi""]",4.5,62758,2001
tt0430304,"Little Man","[""Comedy"", ""Crime""]",4.5,61111,2006
tt1204977,Ouija,"[""Horror"", ""Mystery"", ""Thriller""]",4.5,58758,2014
tt0144528,"Nutty Professor II: The Klumps","[""Comedy"", ""Romance"", ""Sci-Fi""]",4.5,53935,2000
tt0097388,"Friday the 13th Part VIII: Jason Takes Manhattan","[""Adventure"", ""Horror"", ""Thriller""]",4.5,44336,1989
tt0498381,Rings,"[""Drama"", ""Horror"", ""Mystery""]",4.5,43783,2017
tt0457297,"The Butterfly Effect 2","[""Drama"", ""Sci-Fi"", ""Thriller""]",4.5,37646,2006
tt0257568,"Kangaroo Jack","[""Action"", ""Adventure"", ""Comedy""]",4.5,34227,2003
tt0120841,"Species II","[""Action"", ""Horror"", ""Sci-Fi""]",4.5,32138,1998
tt13130948,Shehzada,"[""Action"", ""Comedy"", ""Drama""]",4.5,31570,2023
tt4978420,Borderlands,"[""Action"", ""Adventure"", ""Comedy""]",4.5,28832,2024
tt1865567,"Wrong Turn 4: Bloody Beginnings","[""Adventure"", ""Horror""]",4.5,28728,2011
tt0367085,"Soul Plane","[""Comedy""]",4.5,24910,2004
tt9419834,"Secret Obsession","[""Crime"", ""Drama"", ""Mystery""]",4.5,24757,2019
tt0486640,Postal,"[""Action"", ""Comedy"", ""Crime""]",4.5,24468,2007
tt4439620,"Redemption Day","[""Action"", ""Drama"", ""Thriller""]",4.5,24320,2021
tt1373215,"Recep Ivedik 2","[""Comedy""]",4.5,23230,2009
tt0110027,"Highlander: The Final Dimension","[""Action"", ""Fantasy"", ""Romance""]",4.5,22391,1994
tt0489018,"Day of the Dead","[""Action"", ""Horror"", ""Sci-Fi""]",4.5,21999,2008
tt6915770,Starfish,"[""Drama"", ""Romance"", ""Thriller""]",4.5,19386,2023
tt10148174,"The Walking Dead: World Beyond","[""Drama"", ""Horror""]",4.5,18586,2020
tt6774786,Occupation,"[""Action"", ""Drama"", ""Sci-Fi""]",4.5,17515,2018
tt1878841,"The Darkness","[""Horror"", ""Thriller""]",4.5,17264,2016
tt0358349,"Agent Cody Banks 2: Destination London","[""Action"", ""Adventure"", ""Comedy""]",4.5,16140,2004
tt0110687,North,"[""Adventure"", ""Comedy"", ""Drama""]",4.5,14944,1994
tt1212974,"Bitch Slap","[""Action"", ""Comedy"", ""Crime""]",4.5,14229,2009
tt4876134,"The Misfits","[""Action"", ""Adventure"", ""Comedy""]",4.5,14066,2021
tt0461703,Skinwalkers,"[""Action"", ""Fantasy"", ""Horror""]",4.5,13879,2006
tt0101627,"Critters 3","[""Comedy"", ""Horror"", ""Sci-Fi""]",4.5,13534,1991
tt0100934,"Wild Orchid","[""Drama"", ""Romance""]",4.5,13113,1989
tt0482603,"Space Chimps","[""Adventure"", ""Animation"", ""Comedy""]",4.5,12727,2008
tt6143568,"The Humanity Bureau","[""Sci-Fi"", ""Thriller""]",4.5,12250,2017
tt14813212,"The Munsters","[""Comedy"", ""Family"", ""Fantasy""]",4.5,11978,2022
tt0787505,"Rest Stop","[""Horror"", ""Romance"", ""Thriller""]",4.5,11947,2006
tt1274586,"Dying of the Light","[""Action"", ""Drama"", ""Thriller""]",4.5,11700,2014
tt1913166,Nurse,"[""Horror"", ""Thriller""]",4.5,11627,2013
tt0308353,"Happily N'Ever After","[""Adventure"", ""Animation"", ""Comedy""]",4.5,11237,2006
tt1031254,"Lost Boys: The Tribe","[""Comedy"", ""Horror"", ""Thriller""]",4.5,10839,2008
tt0827782,"Return to House on Haunted Hill","[""Crime"", ""Fantasy"", ""Horror""]",4.5,10690,2007
tt0758730,"Aliens vs. Predator: Requiem","[""Action"", ""Horror"", ""Sci-Fi""]",4.6,137484,2007
tt0119303,"Home Alone 3","[""Action"", ""Comedy"", ""Crime""]",4.6,128791,1997
tt4465564,"Fifty Shades Darker","[""Drama"", ""Mystery"", ""Romance""]",4.6,114096,2017
tt2109184,"Paranormal Activity 4","[""Horror"", ""Mystery""]",4.6,71127,2012
tt11117570,Tandav,"[""Drama"", ""Thriller""]",4.6,61144,2021
tt1231580,"Alvin and the Chipmunks: The Squeakquel","[""Adventure"", ""Comedy"", ""Family""]",4.6,55845,2009
tt0155975,Psycho,"[""Horror"", ""Mystery"", ""Thriller""]",4.6,51188,1998
tt0117765,Striptease,"[""Comedy"", ""Crime"", ""Drama""]",4.6,48814,1996
tt10121392,"Thunder Force","[""Action"", ""Adventure"", ""Comedy""]",4.6,46229,2021
tt2528814,"God's Not Dead","[""Drama"", ""Romance""]",4.6,45570,2014
tt0316732,Taxi,"[""Action"", ""Comedy"", ""Crime""]",4.6,45483,2004
tt0132245,Driven,"[""Action"", ""Drama"", ""Sport""]",4.6,43539,2001
tt0084021,"Grease 2","[""Comedy"", ""Music"", ""Musical""]",4.6,39151,1982
tt0095882,"Police Academy 5: Assignment: Miami Beach","[""Comedy"", ""Crime""]",4.6,38967,1988
tt1255916,"Hostel: Part III","[""Horror""]",4.6,36369,2011
tt0116654,"The Island of Dr. Moreau","[""Horror"", ""Sci-Fi"", ""Thriller""]",4.6,36022,1996
tt0110657,"The Next Karate Kid","[""Action"", ""Drama"", ""Family""]",4.6,34615,1994
tt2473510,"Paranormal Activity: The Ghost Dimension","[""Horror"", ""Mystery""]",4.6,31256,2015
tt1261978,"Wrong Turn 3: Left for Dead","[""Adventure"", ""Fantasy"", ""Horror""]",4.6,29677,2009
tt2799166,"The Pyramid","[""Horror"", ""Mystery"", ""Thriller""]",4.6,27669,2014
tt0110725,"On Deadly Ground","[""Action"", ""Adventure"", ""Thriller""]",4.6,25823,1994
tt0374563,Captivity,"[""Crime"", ""Horror"", ""Mystery""]",4.6,23837,2007
tt1302067,"Yogi Bear","[""Adventure"", ""Animation"", ""Comedy""]",4.6,23719,2010
tt1798632,Firestarter,"[""Drama"", ""Horror"", ""Sci-Fi""]",4.6,23632,2022
tt0115986,"The Crow: City of Angels","[""Action"", ""Crime"", ""Fantasy""]",4.6,22457,1996
tt0338763,"Battle Royale II","[""Action"", ""Adventure"", ""Drama""]",4.6,21645,2003
tt0144964,"Highlander: Endgame","[""Action"", ""Adventure"", ""Fantasy""]",4.6,21501,2000
tt1472584,"Max Steel","[""Action"", ""Adventure"", ""Fantasy""]",4.6,20829,2016
tt1901024,"Dark Crimes","[""Crime"", ""Drama"", ""Mystery""]",4.6,20351,2016
tt1053859,"The Grudge 3","[""Horror"", ""Mystery"", ""Thriller""]",4.6,19934,2009
tt1085492,"The Prince","[""Action"", ""Thriller""]",4.6,19317,2014
tt22050754,"The Strangers: Chapter 1","[""Horror""]",4.6,18310,2024
tt1886493,"Catch .44","[""Action"", ""Thriller""]",4.6,18005,2011
tt0492486,Shrooms,"[""Comedy"", ""Horror"", ""Mystery""]",4.6,17884,2007
tt5834874,"Trigger Warning","[""Action"", ""Crime"", ""Thriller""]",4.6,17280,2024
tt4685762,"The Craft: Legacy","[""Drama"", ""Fantasy"", ""Horror""]",4.6,17174,2020
tt0297162,"Half Past Dead","[""Action"", ""Crime"", ""Thriller""]",4.6,16984,2002
tt1087461,"Megan Is Missing","[""Drama"", ""Horror"", ""Thriller""]",4.6,16792,2011
tt0106453,"Body of Evidence","[""Drama"", ""Thriller""]",4.6,16676,1993
tt5059406,"I Am the Pretty Thing That Lives in the House","[""Drama"", ""Horror"", ""Mystery""]",4.6,16641,2016
tt0080391,"Attack of the Killer Tomatoes!","[""Adventure"", ""Comedy"", ""Horror""]",4.6,15233,1978
tt1552224,Outcast,"[""Action"", ""Adventure"", ""Thriller""]",4.6,14459,2014
tt10308928,"Force of Nature","[""Action"", ""Adventure"", ""Crime""]",4.6,13716,2020
tt1142800,"Madea Goes to Jail","[""Comedy"", ""Crime"", ""Drama""]",4.6,13107,2009
tt0844671,College,"[""Comedy""]",4.6,12732,2008
tt15387058,Choice,"[""Action"", ""Adventure"", ""Drama""]",4.6,12589,2024
tt3322892,XX,"[""Horror""]",4.6,12522,2017
tt14145436,"Pet Sematary: Bloodlines","[""Fantasy"", ""Horror""]",4.6,12365,2023
tt0462229,"Code Name: The Cleaner","[""Action"", ""Comedy"", ""Crime""]",4.6,12264,2007
tt0110329,"Leprechaun 2","[""Comedy"", ""Fantasy"", ""Horror""]",4.6,12152,1994
tt0092115,Troll,"[""Comedy"", ""Fantasy"", ""Horror""]",4.6,11971,1986
tt0486578,"First Sunday","[""Comedy"", ""Crime"", ""Drama""]",4.6,11853,2008
tt0103003,"Suburban Commando","[""Action"", ""Comedy"", ""Sci-Fi""]",4.6,11353,1991
tt7238392,"Taxi 5","[""Action"", ""Comedy"", ""Crime""]",4.6,11076,2018
tt0428251,Venom,"[""Horror""]",4.6,10974,2005
tt14263856,"Last the Night","[""Horror"", ""Thriller""]",4.6,10932,2022
tt0092534,"Allan Quatermain and the Lost City of Gold","[""Action"", ""Adventure"", ""Comedy""]",4.6,10661,1986
tt7638344,Dhadak,"[""Drama"", ""Romance""]",4.6,10656,2018
tt0130236,"Samurai Cop","[""Action"", ""Crime"", ""Thriller""]",4.6,10452,1991
tt11656220,"Midnight in the Switchgrass","[""Crime"", ""Mystery"", ""Thriller""]",4.6,10416,2021
tt3458254,"Patient Zero","[""Action"", ""Drama"", ""Horror""]",4.6,10410,2018
tt0109015,"3 Ninjas Kick Back","[""Action"", ""Comedy"", ""Family""]",4.6,10077,1994
tt0357277,Elektra,"[""Action"", ""Adventure"", ""Crime""]",4.7,100058,2005
tt0426592,"Superhero Movie","[""Action"", ""Comedy"", ""Sci-Fi""]",4.7,77318,2008
tt1608290,"Zoolander 2","[""Action"", ""Adventure"", ""Comedy""]",4.7,77206,2016
tt0110216,Junior,"[""Comedy"", ""Romance"", ""Sci-Fi""]",4.7,74007,1994
tt11755740,"Texas Chainsaw Massacre","[""Crime"", ""Horror"", ""Thriller""]",4.7,63833,2022
tt0831887,"The Spirit","[""Action"", ""Crime"", ""Fantasy""]",4.7,63185,2008
tt1075747,"Jonah Hex","[""Action"", ""Drama"", ""Fantasy""]",4.7,62481,2010
tt8426926,Shamshera,"[""Action"", ""Adventure"", ""Drama""]",4.7,57351,2022
tt0367652,"Deuce Bigalow: European Gigolo","[""Comedy""]",4.7,53932,2005
tt1139668,"The Unborn","[""Horror"", ""Mystery"", ""Thriller""]",4.7,53718,2009
tt0240515,"Freddy Got Fingered","[""Comedy""]",4.7,52152,2001
tt0101917,"Freddy's Dead: The Final Nightmare","[""Fantasy"", ""Horror""]",4.7,52089,1991
tt0091225,"Howard the Duck","[""Action"", ""Adventure"", ""Comedy""]",4.7,51839,1986
tt1407050,"American Pie Presents: The Book of Love","[""Comedy""]",4.7,50028,2009
tt0100050,"Look Who's Talking Too","[""Comedy"", ""Family"", ""Romance""]",4.7,49306,1990
tt0240462,"Dr. Dolittle 2","[""Comedy"", ""Family"", ""Fantasy""]",4.7,47991,2001
tt3181822,"The Boy Next Door","[""Thriller""]",4.7,46526,2015
tt1114677,"Hannah Montana: The Movie","[""Comedy"", ""Drama"", ""Family""]",4.7,46433,2009
tt0113253,"Halloween: The Curse of Michael Myers","[""Horror"", ""Thriller""]",4.7,43042,1995
tt2334871,Snatched,"[""Action"", ""Adventure"", ""Comedy""]",4.7,37958,2017
tt1714209,"In the Land of Blood and Honey","[""Drama"", ""Romance"", ""War""]",4.7,34724,2011
tt0366174,"Anacondas: The Hunt for the Blood Orchid","[""Action"", ""Adventure"", ""Horror""]",4.7,34501,2004
tt7721800,Bharat,"[""Action"", ""Comedy"", ""Drama""]",4.7,32738,2019
tt0361467,"Confessions of a Teenage Drama Queen","[""Comedy"", ""Family"", ""Music""]",4.7,31864,2004
tt0454919,Pulse,"[""Horror"", ""Sci-Fi"", ""Thriller""]",4.7,31165,2006
tt0454082,"Black Christmas","[""Horror""]",4.7,31035,2006
tt0270980,"My Boss's Daughter","[""Comedy"", ""Romance""]",4.7,30861,2003
tt13610562,"The Bubble","[""Comedy""]",4.7,29069,2022
tt1729637,Bodyguard,"[""Action"", ""Comedy"", ""Drama""]",4.7,28319,2011
tt14482414,"Racket Boys","[""Comedy"", ""Drama"", ""Sport""]",4.7,28230,2021
tt14174940,Interceptor,"[""Action"", ""Adventure"", ""Drama""]",4.7,27940,2022
tt13280476,"Sins of the Father","[""Crime"", ""Drama"", ""Mystery""]",4.7,26379,2022
tt1603257,ATM,"[""Horror"", ""Mystery"", ""Thriller""]",4.7,25653,2012
tt0114825,"Vampire in Brooklyn","[""Comedy"", ""Fantasy"", ""Horror""]",4.7,25563,1995
tt9682428,"Night Swim","[""Horror"", ""Thriller""]",4.7,24426,2024
tt2828996,"A Haunted House 2","[""Comedy"", ""Fantasy"", ""Horror""]",4.7,23854,2014
tt13186604,Uglies,"[""Action"", ""Adventure"", ""Drama""]",4.7,23619,2024
tt6199572,Capone,"[""Biography"", ""Crime"", ""Drama""]",4.7,23612,2020
tt1340094,"The Crow","[""Action"", ""Crime"", ""Fantasy""]",4.7,22665,2024
tt0872230,"My Soul to Take","[""Horror"", ""Mystery"", ""Thriller""]",4.7,21869,2010
tt9173418,"Brahms: The Boy II","[""Drama"", ""Horror"", ""Mystery""]",4.7,21174,2020
tt0095889,"Poltergeist III","[""Horror"", ""Thriller""]",4.7,21049,1988
tt1935896,"The ABCs of Death","[""Comedy"", ""Horror""]",4.7,20676,2012
tt0205271,"Dr. T & the Women","[""Comedy"", ""Drama"", ""Romance""]",4.7,20396,2000
tt9067020,"The I-Land","[""Adventure"", ""Drama"", ""Mystery""]",4.7,19836,2019
tt1524575,"The Vatican Tapes","[""Horror"", ""Thriller""]",4.7,19423,2015
tt10600398,"We Can Be Heroes","[""Action"", ""Comedy"", ""Drama""]",4.7,17612,2020
tt15012366,"The Empire","[""Action"", ""Drama"", ""History""]",4.7,17297,2021
tt2124787,"Final Girl","[""Horror"", ""Thriller""]",4.7,17024,2015
tt8615822,"Occupation: Rainfall","[""Action"", ""Sci-Fi""]",4.7,15574,2020
tt7545266,"Like a Boss","[""Comedy""]",4.7,15489,2020
tt11364772,Kabzaa,"[""Action"", ""Crime"", ""Thriller""]",4.7,15426,2023
tt0246544,"The Musketeer","[""Action"", ""Adventure"", ""Romance""]",4.7,15151,2001
tt1300853,"Green Street Hooligans 2","[""Crime"", ""Drama"", ""Sport""]",4.7,14703,2009
tt5539054,"You Get Me","[""Crime"", ""Drama"", ""Mystery""]",4.7,14594,2017
tt26658104,Imaginary,"[""Horror"", ""Mystery"", ""Thriller""]",4.7,14338,2024
tt0326769,"Biker Boyz","[""Action"", ""Drama""]",4.7,14280,2003
tt0844993,"Hoodwinked Too! Hood vs. Evil","[""Adventure"", ""Animation"", ""Comedy""]",4.7,14172,2011
tt0250310,"Corky Romano","[""Comedy"", ""Crime""]",4.7,13856,2001
tt0106471,"Boxing Helena","[""Drama"", ""Mystery"", ""Romance""]",4.7,13317,1993
tt1117581,Arena,"[""Action"", ""Thriller""]",4.7,12461,2011
tt0433442,"The Return","[""Horror"", ""Mystery"", ""Thriller""]",4.7,12431,2005
tt13070038,"After Ever Happy","[""Drama"", ""Romance""]",4.7,12338,2022
tt0093278,Ishtar,"[""Action"", ""Adventure"", ""Comedy""]",4.7,12271,1987
tt27785634,"Episode #1.1","[""Comedy"", ""Drama"", ""Romance""]",4.7,11840,2023
tt0156841,"The Next Best Thing","[""Comedy"", ""Drama"", ""Romance""]",4.7,11806,2000
tt0290212,"Full Frontal","[""Comedy"", ""Romance""]",4.7,11361,2002
tt9026184,"Girl on the Third Floor","[""Drama"", ""Horror"", ""Mystery""]",4.7,11342,2019
tt0270707,"The Truth About Charlie","[""Mystery"", ""Thriller""]",4.7,11128,2002
tt0116671,"Jack Frost","[""Comedy"", ""Fantasy"", ""Horror""]",4.7,10916,1997
tt0119152,"Free Willy 3: The Rescue","[""Adventure"", ""Drama"", ""Family""]",4.7,10911,1997
tt13235822,Umma,"[""Drama"", ""Horror"", ""Mystery""]",4.7,10910,2022
tt1815708,Freelancers,"[""Action"", ""Crime"", ""Drama""]",4.7,10802,2012
tt1385912,"I Can Do Bad All by Myself","[""Comedy"", ""Drama""]",4.7,10787,2009
tt10023024,"Love Aaj Kal","[""Drama"", ""Romance""]",4.7,10754,2020
tt1391137,"Why Did I Get Married Too?","[""Comedy"", ""Drama"", ""Romance""]",4.7,10408,2010
tt1259571,"The Twilight Saga: New Moon","[""Adventure"", ""Drama"", ""Fantasy""]",4.8,304234,2009
tt1815862,"After Earth","[""Action"", ""Adventure"", ""Sci-Fi""]",4.8,211036,2013
tt0130018,"I Still Know What You Did Last Summer","[""Horror"", ""Mystery"", ""Thriller""]",4.8,80134,1998
tt0374536,Bewitched,"[""Comedy"", ""Fantasy"", ""Romance""]",4.8,76151,2005
tt0333780,"Legally Blonde 2: Red, White & Blonde","[""Comedy""]",4.8,74065,2003
tt0255798,"The Animal","[""Comedy"", ""Sci-Fi""]",4.8,64635,2001
tt1311067,"Halloween II","[""Horror""]",4.8,60835,2009
tt1572315,"Texas Chainsaw","[""Horror"", ""Thriller""]",4.8,57053,2013
tt1562871,Ra.One,"[""Action"", ""Adventure"", ""Sci-Fi""]",4.8,47637,2011
tt0421729,"Big Momma's House 2","[""Comedy"", ""Crime""]",4.8,47116,2006
tt0398913,"DOA: Dead or Alive","[""Action"", ""Adventure"", ""Mystery""]",4.8,46667,2006
tt3387542,"The Forest","[""Horror"", ""Mystery"", ""Thriller""]",4.8,46238,2016
tt0089173,"Friday the 13th: A New Beginning","[""Horror"", ""Mystery"", ""Thriller""]",4.8,45323,1985
tt3291150,"The Expendables 4","[""Action"", ""Adventure"", ""Thriller""]",4.8,45303,2023
tt0881891,"All About Steve","[""Comedy"", ""Family"", ""Romance""]",4.8,44816,2009
tt12921446,"The Exorcist: Believer","[""Horror""]",4.8,44324,2023
tt0452681,"The Santa Clause 3: The Escape Clause","[""Adventure"", ""Comedy"", ""Family""]",4.8,43141,2006
tt1265990,"The Roommate","[""Drama"", ""Horror"", ""Thriller""]",4.8,41861,2011
tt0211181,"102 Dalmatians","[""Adventure"", ""Comedy"", ""Family""]",4.8,40082,2000
tt4191580,"Meet the Blacks","[""Comedy"", ""Horror""]",4.8,38052,2016
tt0119013,"Double Team","[""Action"", ""Comedy"", ""Sci-Fi""]",4.8,37141,1997
tt0108308,"Teenage Mutant Ninja Turtles III","[""Action"", ""Adventure"", ""Comedy""]",4.8,36967,1993
tt3256226,IO,"[""Adventure"", ""Drama"", ""Sci-Fi""]",4.8,36666,2019
tt0419946,"The Marine","[""Action"", ""Comedy"", ""Drama""]",4.8,36275,2006
tt0368578,"Are We There Yet?","[""Adventure"", ""Comedy"", ""Family""]",4.8,35038,2005
tt4986098,"The Titan","[""Drama"", ""Mystery"", ""Romance""]",4.8,33848,2018
tt0326856,Envy,"[""Comedy""]",4.8,32572,2004
tt0107387,Leprechaun,"[""Comedy"", ""Fantasy"", ""Horror""]",4.8,31117,1993
tt2339741,"The Woman in Black 2: Angel of Death","[""Drama"", ""Horror"", ""Thriller""]",4.8,29832,2014
tt0411951,Tekken,"[""Action"", ""Crime"", ""Drama""]",4.8,28784,2010
tt11514780,"Choose or Die","[""Drama"", ""Horror"", ""Thriller""]",4.8,26745,2022
tt0335121,Godsend,"[""Action"", ""Drama"", ""Fantasy""]",4.8,26709,2004
tt0231402,"Crocodile Dundee in Los Angeles","[""Action"", ""Adventure"", ""Comedy""]",4.8,26501,2001
tt14060094,Blacklight,"[""Action"", ""Drama"", ""Thriller""]",4.8,25505,2022
tt0104009,"Cool World","[""Animation"", ""Comedy"", ""Fantasy""]",4.8,25388,1992
tt14088510,Tarot,"[""Horror""]",4.8,24447,2024
tt0411705,"9 Songs","[""Drama"", ""Music"", ""Romance""]",4.8,24328,2004
tt0480271,"Van Wilder: The Rise of Taj","[""Comedy"", ""Romance""]",4.8,24196,2006
tt2578802,"Remember the Monsters?","[""Crime"", ""Drama"", ""Mystery""]",4.8,23263,2013
tt12783454,"The Kissing Booth 3","[""Comedy"", ""Romance""]",4.8,23185,2021
tt0467110,Underdog,"[""Action"", ""Adventure"", ""Comedy""]",4.8,22981,2007
tt1134854,"Survival of the Dead","[""Comedy"", ""Drama"", ""Horror""]",4.8,22766,2009
tt4244162,"Beta Test","[""Action"", ""Sci-Fi"", ""Thriller""]",4.8,22105,2016
tt13069986,"After We Fell","[""Drama"", ""Romance""]",4.8,21423,2021
tt14042066,Dobaaraa,"[""Drama"", ""Fantasy"", ""Mystery""]",4.8,21138,2022
tt2784512,Zombeavers,"[""Comedy"", ""Horror""]",4.8,20976,2014
tt2112131,"Fearless 2","[""Action"", ""Comedy"", ""Crime""]",4.8,20209,2012
tt0134983,Supernova,"[""Horror"", ""Sci-Fi"", ""Thriller""]",4.8,19717,2000
tt0166276,Monkeybone,"[""Comedy"", ""Fantasy""]",4.8,19431,2001
tt0144814,"The Rage: Carrie 2","[""Drama"", ""Horror"", ""Sci-Fi""]",4.8,18291,1999
tt6394324,Charmed,"[""Drama"", ""Fantasy"", ""Mystery""]",4.8,18215,2018
tt15387030,Day,"[""Action"", ""Adventure"", ""Drama""]",4.8,17866,2024
tt0086361,"Staying Alive","[""Drama"", ""Music"", ""Romance""]",4.8,17855,1983
tt0143808,"Pocahontas 2: Journey to a New World","[""Adventure"", ""Animation"", ""Drama""]",4.8,17669,1998
tt1801552,Gotti,"[""Biography"", ""Crime"", ""Drama""]",4.8,17436,2018
tt1975159,"Flight 7500","[""Drama"", ""Horror"", ""Sci-Fi""]",4.8,17396,2014
tt4565520,"The Layover","[""Comedy"", ""Romance""]",4.8,17217,2017
tt21307994,Skinamarink,"[""Horror"", ""Mystery""]",4.8,16999,2022
tt0484562,"The Seeker: The Dark Is Rising","[""Adventure"", ""Drama"", ""Family""]",4.8,15936,2007
tt1935897,"Amityville: The Awakening","[""Horror"", ""Thriller""]",4.8,15825,2017
tt8461224,"The Tax Collector","[""Action"", ""Crime"", ""Drama""]",4.8,15730,2020
tt0409011,Lovewrecked,"[""Adventure"", ""Comedy"", ""Romance""]",4.8,15678,2005
tt5689068,"Why We're Killing Gunther","[""Action"", ""Comedy"", ""Thriller""]",4.8,15570,2017
tt12004280,"Too Hot to Handle","[""Documentary"", ""Game-Show"", ""Reality-TV""]",4.8,15374,2020
tt0772193,Primeval,"[""Action"", ""Adventure"", ""Crime""]",4.8,15300,2007
tt2582500,"Shut In","[""Drama"", ""Horror"", ""Mystery""]",4.8,15158,2016
tt26926267,"Mother of the Bride","[""Comedy"", ""Drama"", ""Romance""]",4.8,14964,2024
tt0108539,"Weekend at Bernie's II","[""Adventure"", ""Comedy"", ""Fantasy""]",4.8,14679,1993
tt0283632,They,"[""Horror"", ""Mystery"", ""Thriller""]",4.8,14164,2002
tt1576699,"Mirrors 2","[""Horror"", ""Mystery""]",4.8,13713,2010
tt11950142,"Just Jen","[""Action"", ""Adventure"", ""Comedy""]",4.8,13342,2022
tt0162983,"Hanging Up","[""Comedy"", ""Drama""]",4.8,13286,2000
tt1705952,Tarzan,"[""Action"", ""Adventure"", ""Animation""]",4.8,13133,2013
tt0120695,"From Dusk Till Dawn 3: The Hangman's Daughter","[""Horror"", ""Thriller"", ""Western""]",4.8,12829,1999
tt1780762,Aftershock,"[""Action"", ""Adventure"", ""Horror""]",4.8,12560,2012
tt1319733,"Road Trip: Beer Pong","[""Comedy""]",4.8,12489,2009
tt1231287,"Labor Pains","[""Comedy"", ""Romance""]",4.8,12215,2009
tt1132449,"Lay the Favorite","[""Comedy"", ""Drama"", ""Romance""]",4.8,12192,2012
tt1756851,Twixt,"[""Comedy"", ""Fantasy"", ""Horror""]",4.8,12056,2011
tt6843812,"Baaghi 2","[""Action"", ""Crime"", ""Drama""]",4.8,11913,2018
tt12592252,Songbird,"[""Drama"", ""Sci-Fi"", ""Thriller""]",4.8,11876,2020
tt5498354,"Horizon Line","[""Action"", ""Adventure"", ""Drama""]",4.8,11855,2020
tt8075016,"The Courier","[""Action"", ""Crime"", ""Drama""]",4.8,11826,2019
tt3836512,Ratter,"[""Drama"", ""Horror"", ""Thriller""]",4.8,11596,2015
tt0160484,"Lost Souls","[""Drama"", ""Horror"", ""Thriller""]",4.8,11472,2000
tt0084814,"Trail of the Pink Panther","[""Comedy"", ""Crime"", ""Mystery""]",4.8,11426,1982
tt5862166,"The Poison Rose","[""Crime"", ""Mystery"", ""Thriller""]",4.8,11416,2019
tt0093608,Nekromantik,"[""Horror""]",4.8,11317,1988
tt0094321,"Who's That Girl","[""Comedy"", ""Music"", ""Romance""]",4.8,11266,1987
tt4552524,Jeruzalem,"[""Horror"", ""Sci-Fi"", ""Thriller""]",4.8,11250,2015
tt2247692,"2016: Obama's America","[""Documentary""]",4.8,11051,2012
tt1945062,"About Cherry","[""Drama""]",4.8,11038,2012
tt0119214,"Gone Fishin'","[""Comedy"", ""Crime""]",4.8,10743,1997
tt1407049,Altitude,"[""Horror"", ""Mystery"", ""Sci-Fi""]",4.8,10700,2010
tt4157728,"The Last Boy","[""Fantasy"", ""Mystery"", ""Sci-Fi""]",4.8,10405,2019
tt0267248,Abandon,"[""Drama"", ""Mystery"", ""Romance""]",4.8,10234,2002
tt7838536,Awoken,"[""Horror"", ""Mystery"", ""Thriller""]",4.8,10211,2019
tt0100475,Repossessed,"[""Comedy"", ""Fantasy"", ""Horror""]",4.8,10109,1990
tt1324999,"The Twilight Saga: Breaking Dawn - Part 1","[""Adventure"", ""Drama"", ""Fantasy""]",4.9,257945,2011
tt0120891,"Wild Wild West","[""Action"", ""Comedy"", ""Sci-Fi""]",4.9,168769,1999
tt0305357,"Charlie's Angels: Full Throttle","[""Action"", ""Adventure"", ""Comedy""]",4.9,134359,2003
tt0118615,Anaconda,"[""Action"", ""Adventure"", ""Horror""]",4.9,114126,1997
tt3605418,"Knock Knock","[""Crime"", ""Thriller""]",4.9,107130,2015
tt1045778,"Year One","[""Comedy""]",4.9,104801,2009
tt1320261,"Gulliver's Travels","[""Adventure"", ""Comedy"", ""Family""]",4.9,74582,2010
tt1273235,"A Serbian Film","[""Horror"", ""Mystery"", ""Thriller""]",4.9,73756,2010
tt0938330,"Silent Hill: Revelation","[""Horror"", ""Mystery"", ""Thriller""]",4.9,67561,2012
tt1093357,"The Darkest Hour","[""Action"", ""Adventure"", ""Horror""]",4.9,64389,2011
tt1029360,Poltergeist,"[""Horror"", ""Thriller""]",4.9,62295,2015
tt0983946,"Fantasy Island","[""Fantasy"", ""Horror"", ""Mystery""]",4.9,60040,2020
tt0228333,"Ghosts of Mars","[""Action"", ""Horror"", ""Sci-Fi""]",4.9,58714,2001
tt2103254,Tammy,"[""Comedy"", ""Romance""]",4.9,55484,2014
tt2479478,"The Ridiculous 6","[""Action"", ""Adventure"", ""Comedy""]",4.9,54628,2015
tt0400497,"Herbie Fully Loaded","[""Adventure"", ""Comedy"", ""Family""]",4.9,51521,2005
tt0387575,"Seed of Chucky","[""Comedy"", ""Horror"", ""Thriller""]",4.9,51055,2004
tt0097474,"Halloween 5: The Revenge of Michael Myers","[""Horror"", ""Thriller""]",4.9,48147,1989
tt0104437,"Honey, I Blew Up the Kid","[""Adventure"", ""Comedy"", ""Family""]",4.9,47495,1992
tt12785720,"The Witcher: Blood Origin","[""Action"", ""Adventure"", ""Drama""]",4.9,45749,2022
tt0265087,"Black Knight","[""Adventure"", ""Comedy"", ""Fantasy""]",4.9,43923,2001
tt1314228,"Did You Hear About the Morgans?","[""Comedy"", ""Drama"", ""Romance""]",4.9,43158,2009
tt1366365,"The Cold Light of Day","[""Action"", ""Thriller""]",4.9,40095,2012
tt0219653,"Dracula 2000","[""Action"", ""Fantasy"", ""Horror""]",4.9,37096,2000
tt0118747,"Blues Brothers 2000","[""Action"", ""Comedy"", ""Crime""]",4.9,35132,1998
tt0285462,"Boat Trip","[""Comedy""]",4.9,32603,2002
tt0242998,Valentine,"[""Horror"", ""Mystery"", ""Thriller""]",4.9,30607,2001
tt1193516,"Recep Ivedik","[""Comedy""]",4.9,29414,2008
tt11497716,"The Legend","[""Action"", ""Drama"", ""Romance""]",4.9,29409,2022
tt4154858,Inhumans,"[""Action"", ""Adventure"", ""Sci-Fi""]",4.9,29276,2017
tt1452628,"Vanishing on 7th Street","[""Horror"", ""Mystery"", ""Thriller""]",4.9,27653,2010
tt10418662,Awake,"[""Action"", ""Adventure"", ""Drama""]",4.9,26911,2021
tt0363282,"New York Minute","[""Adventure"", ""Comedy"", ""Crime""]",4.9,25248,2004
tt0102719,"Problem Child 2","[""Comedy"", ""Family""]",4.9,24088,1991
tt0105128,"Pet Sematary II","[""Fantasy"", ""Horror"", ""Thriller""]",4.9,23924,1992
tt2974918,"Alvin and the Chipmunks: The Road Chip","[""Adventure"", ""Comedy"", ""Family""]",4.9,23282,2015
tt13029044,Mother/Android,"[""Drama"", ""Sci-Fi"", ""Thriller""]",4.9,21580,2021
tt1179817,"The Secret Life of the American Teenager","[""Comedy"", ""Drama"", ""Family""]",4.9,21108,2008
tt8150814,"There's Someone Inside Your House","[""Horror"", ""Mystery"", ""Thriller""]",4.9,20372,2021
tt1708532,Ready,"[""Action"", ""Comedy"", ""Romance""]",4.9,20115,2011
tt0315824,"The Big Bounce","[""Comedy"", ""Crime""]",4.9,18921,2004
tt2386237,Malevolent,"[""Horror"", ""Mystery"", ""Thriller""]",4.9,17643,2018
tt0865554,"The Informers","[""Crime"", ""Drama"", ""Thriller""]",4.9,17638,2008
tt0811106,"The Ten","[""Comedy"", ""Romance""]",4.9,17023,2007
tt0330099,"The Brown Bunny","[""Drama""]",4.9,16858,2003
tt0120724,"Knock Off","[""Action"", ""Crime"", ""Thriller""]",4.9,16669,1998
tt1911662,"Vehicle 19","[""Action"", ""Crime"", ""Thriller""]",4.9,16079,2013
tt1653690,"Ong Bak 3","[""Action""]",4.9,14877,2010
tt0274546,"Hellraiser: Hellseeker","[""Horror"", ""Mystery"", ""Thriller""]",4.9,14798,2002
tt11240506,"Nobody Sleeps in the Woods Tonight","[""Fantasy"", ""Horror"", ""Mystery""]",4.9,14543,2020
tt2193265,"Welcome to the Jungle","[""Action"", ""Adventure"", ""Comedy""]",4.9,14193,2013
tt4558376,Downhill,"[""Comedy"", ""Drama""]",4.9,13990,2020
tt1785635,"The Vault","[""Crime"", ""Horror"", ""Mystery""]",4.9,13810,2017
tt0132910,"The Crow: Salvation","[""Action"", ""Crime"", ""Fantasy""]",4.9,13007,2000
tt0389328,"Rise: Blood Hunter","[""Action"", ""Crime"", ""Horror""]",4.9,12677,2007
tt2070862,"Temptation: Confessions of a Marriage Counselor","[""Drama""]",4.9,12510,2013
tt0476958,Amusement,"[""Crime"", ""Horror"", ""Mystery""]",4.9,12505,2008
tt16437278,"The Strays","[""Drama"", ""Mystery"", ""Thriller""]",4.9,12447,2023
tt3082898,"Kickboxer: Vengeance","[""Action"", ""Crime"", ""Drama""]",4.9,12335,2016
tt0306734,"The Divorce","[""Comedy"", ""Drama"", ""Romance""]",4.9,12219,2003
tt1918734,2067,"[""Mystery"", ""Sci-Fi""]",4.9,12052,2020
tt7394816,Primal,"[""Action"", ""Thriller""]",4.9,11588,2019
tt5215088,"A.I. Rising","[""Drama"", ""Romance"", ""Sci-Fi""]",4.9,11544,2018
tt5075662,"The Isle","[""Fantasy"", ""Mystery"", ""Thriller""]",4.9,11540,2018
tt4559046,"Housefull 3","[""Action"", ""Comedy"", ""Romance""]",4.9,11062,2016
tt1268987,"Operation: Endgame","[""Action"", ""Comedy""]",4.9,10944,2010
tt0377309,"Survival Island","[""Drama"", ""Thriller""]",4.9,10640,2005
tt0463398,"Dancing with the Stars","[""Family"", ""Music"", ""Reality-TV""]",4.9,10597,2005
tt2318527,"Hell Baby","[""Comedy"", ""Horror""]",4.9,10181,2013
tt0949731,"The Happening","[""Adventure"", ""Drama"", ""Sci-Fi""]",5,219530,2008
tt0109813,"The Flintstones","[""Comedy"", ""Family"", ""Fantasy""]",5,87802,1994
tt9224104,"Meg 2: The Trench","[""Action"", ""Adventure"", ""Horror""]",5,86778,2023
tt0171363,"The Haunting","[""Fantasy"", ""Horror"", ""Mystery""]",5,81586,1999
tt5033998,"Charlie's Angels","[""Action"", ""Adventure"", ""Comedy""]",5,81160,2019
tt0436058,"American Pie Presents: Band Camp","[""Comedy""]",5,76455,2005
tt0086393,"Superman III","[""Action"", ""Adventure"", ""Comedy""]",5,75944,1983
tt10665342,"Halloween Ends","[""Drama"", ""Horror"", ""Mystery""]",5,74768,2022
tt1991245,"Chernobyl Diaries","[""Horror"", ""Mystery"", ""Thriller""]",5,69046,2012
tt0962726,"High School Musical 3: Senior Year","[""Comedy"", ""Drama"", ""Family""]",5,68691,2008
tt0433386,"The Grudge 2","[""Horror"", ""Thriller""]",5,51963,2006
tt0097981,"A Nightmare on Elm Street: The Dream Child","[""Fantasy"", ""Horror""]",5,51876,1989
tt2243537,"A Haunted House","[""Comedy"", ""Fantasy"", ""Horror""]",5,50743,2013
tt1540011,"Blair Witch","[""Horror"", ""Mystery"", ""Thriller""]",5,50618,2016
tt0808510,"Tooth Fairy","[""Comedy"", ""Family"", ""Fantasy""]",5,50487,2010
tt0455499,"Garfield: A Tail of Two Kitties","[""Adventure"", ""Comedy"", ""Family""]",5,48299,2006
tt0093756,"Police Academy 4: Citizens on Patrol","[""Comedy"", ""Crime""]",5,46501,1987
tt2473682,"Paranormal Activity: The Marked Ones","[""Horror"", ""Mystery""]",5,46031,2014
tt2637294,"Hot Tub Time Machine 2","[""Comedy"", ""Mystery"", ""Sci-Fi""]",5,42279,2015
tt2461132,"Happy New Year","[""Action"", ""Comedy"", ""Crime""]",5,41669,2014
tt1649444,"[REC] 3: Genesis","[""Action"", ""Horror"", ""Thriller""]",5,38837,2012
tt10699086,"Bachchhan Paandey","[""Action"", ""Comedy"", ""Crime""]",5,36788,2022
tt0097138,Cyborg,"[""Action"", ""Sci-Fi"", ""Thriller""]",5,35030,1989
tt1198138,Obsessed,"[""Drama"", ""Romance"", ""Thriller""]",5,34707,2009
tt0441796,"Stay Alive","[""Fantasy"", ""Horror"", ""Mystery""]",5,34451,2006
tt0282209,"Darkness Falls","[""Fantasy"", ""Horror"", ""Mystery""]",5,33899,2003
tt0061452,"Casino Royale","[""Comedy""]",5,33006,1967
tt1754730,"The Way to Paradise","[""Action"", ""Comedy"", ""Thriller""]",5,32365,2011
tt9691136,"Shadow in the Cloud","[""Action"", ""Horror"", ""War""]",5,32022,2020
tt7329656,"47 Meters Down: Uncaged","[""Adventure"", ""Drama"", ""Horror""]",5,31613,2019
tt0120458,Virus,"[""Action"", ""Horror"", ""Sci-Fi""]",5,30391,1999
tt0106375,"Beethoven's 2nd","[""Comedy"", ""Family"", ""Romance""]",5,30099,1993
tt0437179,"See No Evil","[""Action"", ""Horror"", ""Thriller""]",5,29303,2006
tt2620590,Leatherface,"[""Crime"", ""Horror"", ""Thriller""]",5,28678,2017
tt0429573,"An American Haunting","[""Drama"", ""Horror"", ""Mystery""]",5,27159,2005
tt2401807,Rage,"[""Action"", ""Thriller""]",5,25766,2014
tt0331468,"Cold Creek Manor","[""Drama"", ""Mystery"", ""Thriller""]",5,25120,2003
tt24517830,"Bad Newz","[""Comedy"", ""Romance""]",5,24818,2024
tt0430770,"The Women","[""Comedy"", ""Drama""]",5,23436,2008
tt0360556,"Fahrenheit 451","[""Drama"", ""Sci-Fi"", ""Thriller""]",5,23363,2018
tt1151922,"Miss March","[""Comedy"", ""Romance""]",5,22407,2009
tt1766094,"So Undercover","[""Action"", ""Comedy"", ""Crime""]",5,21426,2012
tt1742650,"I Don't Know How She Does It","[""Comedy"", ""Romance""]",5,21336,2011
tt0120701,"Holy Man","[""Comedy"", ""Drama""]",5,21154,1998
tt1188982,"Jai Ho","[""Action"", ""Drama""]",5,21044,2014
tt27729779,"The Platform 2","[""Horror"", ""Sci-Fi"", ""Thriller""]",5,20815,2024
tt0106400,"The Beverly Hillbillies","[""Comedy"", ""Family""]",5,20137,1993
tt0099994,"Leatherface: Texas Chainsaw Massacre III","[""Horror"", ""Thriller""]",5,19904,1990
tt2923316,"American Heist","[""Action"", ""Crime"", ""Drama""]",5,17746,2014
tt0119310,"Honey, We Shrunk Ourselves!","[""Action"", ""Adventure"", ""Comedy""]",5,17334,1997
tt1016075,Fame,"[""Drama"", ""Musical"", ""Romance""]",5,17028,2009
tt2960930,Extraterrestrial,"[""Action"", ""Horror"", ""Mystery""]",5,16923,2014
tt0411475,"Hell Ride","[""Action"", ""Drama"", ""Thriller""]",5,16521,2008
tt0120662,"Eye of the Beholder","[""Drama"", ""Mystery"", ""Thriller""]",5,16130,1999
tt0186975,"Down to You","[""Comedy"", ""Drama"", ""Romance""]",5,15860,2000
tt2072230,"Attack on Titan Part 1","[""Action"", ""Adventure"", ""Drama""]",5,15695,2015
tt0110123,"In the Army Now","[""Comedy"", ""War""]",5,14917,1994
tt1661326,"Shake It Up","[""Comedy"", ""Family""]",5,14740,2010
tt1319743,"Smokin' Aces 2: Assassins' Ball","[""Action"", ""Comedy"", ""Crime""]",5,14413,2010
tt0291082,"Cinderella II: Dreams Come True","[""Animation"", ""Family"", ""Fantasy""]",5,14147,2002
tt10128846,Megalopolis,"[""Drama"", ""Fantasy"", ""Sci-Fi""]",5,14079,2024
tt0239949,"Say It Isn't So","[""Comedy"", ""Romance""]",5,13880,2001
tt1646926,"Open Season 3","[""Adventure"", ""Animation"", ""Comedy""]",5,13605,2010
tt0099697,"Graveyard Shift","[""Horror""]",5,12969,1990
tt0086129,"Porky's II: The Next Day","[""Comedy""]",5,12937,1983
tt0120390,Turbulence,"[""Action"", ""Thriller""]",5,12860,1997
tt1403988,"The Romantics","[""Comedy"", ""Drama"", ""Romance""]",5,12587,2010
tt5884234,"First Kill","[""Action"", ""Thriller""]",5,12567,2017
tt2205401,Addicted,"[""Drama"", ""Romance"", ""Thriller""]",5,12470,2014
tt12547822,"Run Rabbit Run","[""Drama"", ""Horror"", ""Mystery""]",5,12071,2023
tt3038708,"Iron Sky: The Coming Race","[""Action"", ""Adventure"", ""Comedy""]",5,11990,2019
tt1757742,"Apartment 143","[""Horror"", ""Thriller""]",5,11868,2011
tt0117283,"The Pallbearer","[""Comedy"", ""Romance""]",5,11666,1996
tt2215285,"Madea's Witness Protection","[""Comedy"", ""Crime"", ""Drama""]",5,11492,2012
tt0344864,"Atlantis: Milo's Return","[""Action"", ""Adventure"", ""Animation""]",5,11468,2003
tt0804507,"Mother of Tears","[""Drama"", ""Horror"", ""Thriller""]",5,11345,2007
tt9815554,"Not to Forget","[""Drama""]",5,11279,2021
tt0401815,Tamara,"[""Drama"", ""Fantasy"", ""Horror""]",5,11249,2005
tt1578882,"Elephant White","[""Action"", ""Crime"", ""Thriller""]",5,11163,2011
tt1427298,"The Human Race","[""Action"", ""Comedy"", ""Horror""]",5,11104,2013
tt1806913,"Golmaal Again","[""Action"", ""Comedy"", ""Horror""]",5,11012,2017
tt6421110,"Proud Mary","[""Action"", ""Crime"", ""Drama""]",5,10982,2018
tt1033483,Kandisha,"[""Crime"", ""Fantasy"", ""Horror""]",5,10539,2008
tt1929308,"Magic Magic","[""Drama"", ""Thriller""]",5,10449,2013
tt20879602,"Maybe I Do","[""Comedy"", ""Romance""]",5,10082,2023
tt1325004,"The Twilight Saga: Eclipse","[""Action"", ""Adventure"", ""Drama""]",5.1,264790,2010
tt5108870,Morbius,"[""Action"", ""Adventure"", ""Horror""]",5.1,158327,2022
tt0443649,"10,000 BC","[""Action"", ""Adventure"", ""Drama""]",5.1,136433,2008
tt0449010,Eragon,"[""Action"", ""Adventure"", ""Family""]",5.1,131439,2006
tt0362120,"Scary Movie 4","[""Comedy""]",5.1,131090,2006
tt1956620,"Sex Tape","[""Comedy"", ""Romance""]",5.1,119160,2014
tt1144884,"The Final Destination","[""Horror"", ""Thriller""]",5.1,118049,2009
tt5834426,Moonfall,"[""Action"", ""Adventure"", ""Sci-Fi""]",5.1,102879,2022
tt0356634,"Garfield: The Movie","[""Adventure"", ""Comedy"", ""Family""]",5.1,95909,2004
tt1418377,"I, Frankenstein","[""Action"", ""Fantasy"", ""Sci-Fi""]",5.1,84386,2014
tt1600195,Abduction,"[""Action"", ""Drama"", ""Mystery""]",5.1,83947,2011
tt0377818,"The Dukes of Hazzard","[""Comedy""]",5.1,82541,2005
tt0114436,Showgirls,"[""Drama""]",5.1,76341,1995
tt0808146,"American Pie Presents: The Naked Mile","[""Comedy""]",5.1,75033,2006
tt0800069,"The Hills Have Eyes 2","[""Horror"", ""Thriller""]",5.1,68555,2007
tt5246700,"How It Ends","[""Action"", ""Drama"", ""Horror""]",5.1,59820,2018
tt19768024,"Indian Police Force","[""Action"", ""Crime"", ""Drama""]",5.1,58317,2024
tt0382992,Stealth,"[""Action"", ""Adventure"", ""Sci-Fi""]",5.1,56708,2005
tt2967224,"Hot Pursuit","[""Action"", ""Comedy"", ""Crime""]",5.1,54743,2015
tt0436339,G-Force,"[""Action"", ""Adventure"", ""Animation""]",5.1,50796,2009
tt1480656,Cosmopolis,"[""Crime"", ""Drama"", ""Fantasy""]",5.1,50647,2012
tt0455857,"When a Stranger Calls","[""Horror"", ""Thriller""]",5.1,49264,2006
tt0089893,"Red Sonja","[""Action"", ""Adventure"", ""Fantasy""]",5.1,45583,1985
tt0765476,"Meet Dave","[""Adventure"", ""Comedy"", ""Family""]",5.1,44243,2008
tt4593060,Pinocchio,"[""Adventure"", ""Comedy"", ""Drama""]",5.1,43118,2022
tt0402901,"The Cave","[""Adventure"", ""Horror"", ""Sci-Fi""]",5.1,42135,2005
tt14309446,"Me Time","[""Comedy""]",5.1,41846,2022
tt0204313,"Exorcist: The Beginning","[""Horror"", ""Mystery"", ""Thriller""]",5.1,40376,2004
tt10362466,"After We Collided","[""Drama"", ""Romance""]",5.1,39891,2020
tt4535650,Dilwale,"[""Action"", ""Comedy"", ""Drama""]",5.1,39271,2015
tt0313911,"Agent Cody Banks","[""Action"", ""Adventure"", ""Comedy""]",5.1,37451,2003
tt0208988,"Get Carter","[""Action"", ""Crime"", ""Drama""]",5.1,37327,2000
tt0117331,"The Phantom","[""Action"", ""Adventure"", ""Comedy""]",5.1,36243,1996
tt0257516,Cursed,"[""Comedy"", ""Horror""]",5.1,35535,2005
tt0108162,Sliver,"[""Drama"", ""Thriller""]",5.1,34663,1993
tt0105629,Toys,"[""Adventure"", ""Comedy"", ""Drama""]",5.1,33998,1992
tt0383010,"The Three Stooges","[""Comedy"", ""Family""]",5.1,33482,2012
tt0790604,"Deck the Halls","[""Comedy"", ""Family""]",5.1,33457,2006
tt1232783,"Sorority Row","[""Horror"", ""Mystery""]",5.1,32807,2009
tt9419056,"The Unholy","[""Drama"", ""Horror"", ""Mystery""]",5.1,28727,2021
tt0361620,"First Daughter","[""Comedy"", ""Drama"", ""Romance""]",5.1,28372,2004
tt2231554,"Grave Encounters 2","[""Horror"", ""Mystery""]",5.1,28129,2012
tt0102558,"Nothing But Trouble","[""Comedy""]",5.1,28006,1991
tt0100240,"The NeverEnding Story II: The Next Chapter","[""Adventure"", ""Drama"", ""Family""]",5.1,27870,1990
tt0118604,"An American Werewolf in Paris","[""Comedy"", ""Fantasy"", ""Horror""]",5.1,27517,1997
tt0457495,Stormbreaker,"[""Action"", ""Adventure"", ""Family""]",5.1,25832,2006
tt0097368,"The Fly II","[""Drama"", ""Horror"", ""Sci-Fi""]",5.1,25129,1989
tt0116514,"Hellraiser: Bloodline","[""Horror"", ""Sci-Fi""]",5.1,25118,1996
tt6836936,Saaho,"[""Action"", ""Thriller""]",5.1,24339,2019
tt23900194,"Harry & Meghan","[""Biography"", ""Documentary""]",5.1,23630,2022
tt3835080,31,"[""Horror"", ""Thriller""]",5.1,23479,2016
tt5322012,"Wish Upon","[""Drama"", ""Fantasy"", ""Horror""]",5.1,23379,2017
tt15387022,Revenge/Justice,"[""Action"", ""Adventure"", ""Drama""]",5.1,23278,2024
tt5997666,"Jab Harry Met Sejal","[""Comedy"", ""Drama"", ""Romance""]",5.1,23163,2017
tt15441054,"Gadar 2","[""Action"", ""Adventure"", ""Drama""]",5.1,22855,2023
tt5360952,"The Hurricane Heist","[""Action"", ""Adventure"", ""Crime""]",5.1,22731,2018
tt1659343,"Universal Soldier: Day of Reckoning","[""Action"", ""Horror"", ""Mystery""]",5.1,21590,2012
tt0283026,Swimfan,"[""Drama"", ""Thriller""]",5.1,21465,2002
tt2235779,"The Quiet Ones","[""Horror"", ""Mystery"", ""Thriller""]",5.1,21391,2014
tt1020885,"Vampire Killers","[""Action"", ""Comedy"", ""Fantasy""]",5.1,21038,2009
tt0113114,"Free Willy 2: The Adventure Home","[""Adventure"", ""Drama"", ""Family""]",5.1,19828,1995
tt1945084,Everly,"[""Action"", ""Thriller""]",5.1,19629,2014
tt0119123,"Fire Down Below","[""Action"", ""Drama"", ""Thriller""]",5.1,19362,1997
tt0120596,"The Bachelor","[""Comedy"", ""Romance""]",5.1,19134,1999
tt1391034,"And Soon the Darkness","[""Drama"", ""Horror"", ""Mystery""]",5.1,18968,2010
tt0304711,"The Order","[""Horror"", ""Mystery"", ""Thriller""]",5.1,18627,2003
tt4196566,"The Deliverance","[""Horror"", ""Thriller""]",5.1,18238,2024
tt1535612,"The Son of No One","[""Action"", ""Crime"", ""Drama""]",5.1,18152,2011
tt7805960,Torbaaz,"[""Action"", ""Drama"", ""Sport""]",5.1,18082,2020
tt0107478,"Made in America","[""Comedy""]",5.1,18033,1993
tt0087032,"Cannonball Run II","[""Action"", ""Comedy""]",5.1,17731,1984
tt3462710,Unforgettable,"[""Drama"", ""Thriller""]",5.1,16917,2017
tt9134216,"Playing with Fire","[""Comedy"", ""Family""]",5.1,16807,2019
tt0234829,"Summer Catch","[""Comedy"", ""Drama"", ""Romance""]",5.1,16802,2001
tt22504924,"No War","[""Action"", ""Drama"", ""Short""]",5.1,16207,2022
tt4530884,"I Spit on Your Grave: Vengeance Is Mine","[""Horror"", ""Thriller""]",5.1,15974,2015
tt1013860,"Dylan Dog: Dead of Night","[""Action"", ""Comedy"", ""Crime""]",5.1,15753,2010
tt0093857,"Revenge of the Nerds II: Nerds in Paradise","[""Comedy""]",5.1,15659,1987
tt0163983,"Bless the Child","[""Crime"", ""Drama"", ""Horror""]",5.1,15519,2000
tt1213012,"Alpha and Omega","[""Adventure"", ""Animation"", ""Comedy""]",5.1,15422,2010
tt1276434,"Van Wilder: Freshman Year","[""Comedy"", ""Romance""]",5.1,15252,2009
tt2409818,"Open Windows","[""Crime"", ""Mystery"", ""Thriller""]",5.1,15216,2014
tt3622110,"Don't Knock Twice","[""Drama"", ""Fantasy"", ""Horror""]",5.1,15130,2016
tt2372251,"Down a Dark Hall","[""Drama"", ""Fantasy"", ""Horror""]",5.1,15062,2018
tt2948790,"Return to Sender","[""Drama"", ""Thriller""]",5.1,14989,2015
tt0120764,"My Favorite Martian","[""Comedy"", ""Family"", ""Sci-Fi""]",5.1,14612,1999
tt0455362,"The Breed","[""Action"", ""Comedy"", ""Horror""]",5.1,14496,2006
tt0972785,"Bring It On: In It to Win It","[""Comedy"", ""Sport""]",5.1,14228,2007
tt0449086,"Dominion: Prequel to the Exorcist","[""Drama"", ""Horror"", ""Thriller""]",5.1,13925,2005
tt0265808,"Stealing Harvard","[""Comedy"", ""Crime""]",5.1,13864,2002
tt0365125,"A Dirty Shame","[""Comedy""]",5.1,13718,2004
tt2885364,"Willow Creek","[""Horror"", ""Mystery"", ""Thriller""]",5.1,13231,2013
tt15387054,Teach/Corrupt,"[""Action"", ""Adventure"", ""Drama""]",5.1,12903,2024
tt10698174,Wolf,"[""Drama"", ""Mystery"", ""Thriller""]",5.1,12796,2021
tt2091478,Air,"[""Drama"", ""Sci-Fi"", ""Thriller""]",5.1,12642,2015
tt6495770,"Action Point","[""Comedy""]",5.1,12346,2018
tt2571140,Boss,"[""Action"", ""Comedy"", ""Crime""]",5.1,12175,2013
tt6210996,10x10,"[""Drama"", ""Mystery"", ""Thriller""]",5.1,12034,2018
tt13429362,"In the Earth","[""Drama"", ""Horror"", ""Mystery""]",5.1,11995,2021
tt4419364,Holidays,"[""Fantasy"", ""Horror"", ""Mystery""]",5.1,11991,2016
tt0979434,"Lottery Ticket","[""Comedy""]",5.1,11656,2010
tt2690138,"The D Train","[""Comedy"", ""Drama""]",5.1,11629,2015
tt22743064,"Yaariyan 2","[""Comedy"", ""Drama"", ""Musical""]",5.1,11625,2023
tt6536562,"Payitaht Abd√ºlhamid","[""Action"", ""Drama"", ""History""]",5.1,11396,2017
tt0219952,"Lucky Numbers","[""Comedy"", ""Crime""]",5.1,11022,2000
tt0082700,"Cannibal Ferox","[""Adventure"", ""Horror""]",5.1,11016,1981
tt0393635,Reeker,"[""Horror"", ""Mystery"", ""Thriller""]",5.1,10958,2005
tt1076252,"Picture This","[""Comedy"", ""Drama"", ""Romance""]",5.1,10952,2008
tt1504403,Husk,"[""Horror"", ""Thriller""]",5.1,10832,2011
tt11210390,"Asterix & Obelix: The Middle Kingdom","[""Adventure"", ""Comedy"", ""Family""]",5.1,10797,2023
tt5259822,Tesla,"[""Biography"", ""Drama""]",5.1,10791,2020
tt0079285,"Saturn 3","[""Adventure"", ""Horror"", ""Sci-Fi""]",5.1,10755,1980
tt0109288,Blankman,"[""Action"", ""Comedy"", ""Crime""]",5.1,10736,1994
tt15373868,Kranti,"[""Action"", ""Drama""]",5.1,10631,2023
tt18924506,"2000 Mules","[""Documentary""]",5.1,10318,2022
tt0094744,"Big Top Pee-wee","[""Adventure"", ""Comedy"", ""Romance""]",5.1,10304,1988
tt1092011,"Sacred Demijohn","[""Comedy"", ""Fantasy"", ""Horror""]",5.1,10297,2007
tt0275947,"Avenging Angelo","[""Action"", ""Comedy"", ""Crime""]",5.1,10224,2002
tt2187884,"Escape from Tomorrow","[""Comedy"", ""Drama"", ""Fantasy""]",5.1,10175,2013
tt21237030,Carter,"[""Action"", ""Thriller""]",5.1,10131,2022
tt2762334,"Main Tera Hero","[""Action"", ""Comedy"", ""Romance""]",5.1,10103,2014
tt1606378,"A Good Day to Die Hard","[""Action"", ""Thriller""]",5.2,216876,2013
tt10857160,"She-Hulk: Attorney at Law","[""Action"", ""Adventure"", ""Comedy""]",5.2,194772,2022
tt1628841,"Independence Day: Resurgence","[""Action"", ""Adventure"", ""Sci-Fi""]",5.2,191742,2016
tt0859163,"The Mummy: Tomb of the Dragon Emperor","[""Action"", ""Adventure"", ""Fantasy""]",5.2,172915,2008
tt3371366,"Transformers: The Last Knight","[""Action"", ""Adventure"", ""Sci-Fi""]",5.2,172359,2017
tt5433138,"F9: The Fast Saga","[""Action"", ""Crime"", ""Thriller""]",5.2,166431,2021
tt0419706,Doom,"[""Action"", ""Horror"", ""Sci-Fi""]",5.2,120018,2005
tt2304933,"The 5th Wave","[""Action"", ""Adventure"", ""Sci-Fi""]",5.2,119097,2016
tt1179056,"A Nightmare on Elm Street","[""Crime"", ""Drama"", ""Horror""]",5.2,109147,2010
tt0816462,"Conan the Barbarian","[""Action"", ""Adventure"", ""Fantasy""]",5.2,103446,2011
tt1293847,"xXx: Return of Xander Cage","[""Action"", ""Adventure"", ""Thriller""]",5.2,98350,2017
tt0952640,"Alvin and the Chipmunks","[""Adventure"", ""Comedy"", ""Family""]",5.2,96922,2007
tt0208003,"Big Momma's House","[""Action"", ""Comedy"", ""Crime""]",5.2,92000,2000
tt0385307,"Miss Congeniality 2: Armed & Fabulous","[""Action"", ""Comedy"", ""Crime""]",5.2,81304,2005
tt0120738,"Lost in Space","[""Action"", ""Adventure"", ""Sci-Fi""]",5.2,75473,1998
tt1758810,"The Snowman","[""Crime"", ""Drama"", ""Mystery""]",5.2,73356,2017
tt0120177,Spawn,"[""Action"", ""Crime"", ""Drama""]",5.2,73348,1997
tt6133466,"The First Purge","[""Action"", ""Horror"", ""Sci-Fi""]",5.2,73223,2018
tt10342730,Spiral,"[""Horror"", ""Mystery"", ""Thriller""]",5.2,70546,2021
tt6475714,"Monster Hunter","[""Action"", ""Adventure"", ""Fantasy""]",5.2,69496,2020
tt0465624,"My Super Ex-Girlfriend","[""Comedy"", ""Romance"", ""Sci-Fi""]",5.2,67559,2006
tt0810900,"High School Musical 2","[""Comedy"", ""Drama"", ""Family""]",5.2,67466,2007
tt6772950,"Truth or Dare","[""Horror"", ""Mystery"", ""Thriller""]",5.2,66795,2018
tt1222817,Zookeeper,"[""Comedy"", ""Family"", ""Fantasy""]",5.2,66120,2011
tt6920084,"Resident Evil: Welcome to Raccoon City","[""Action"", ""Horror"", ""Sci-Fi""]",5.2,65972,2021
tt0253867,"The Sweetest Thing","[""Comedy"", ""Romance""]",5.2,63356,2002
tt0239395,"Cats & Dogs","[""Action"", ""Adventure"", ""Comedy""]",5.2,63232,2001
tt0085636,"Halloween III: Season of the Witch","[""Horror"", ""Mystery"", ""Sci-Fi""]",5.2,62506,1982
tt1772240,"Apollo 18","[""Horror"", ""Mystery"", ""Sci-Fi""]",5.2,58525,2011
tt0338094,"The Haunted Mansion","[""Comedy"", ""Family"", ""Fantasy""]",5.2,57940,2003
tt4799050,"Rough Night","[""Comedy""]",5.2,56635,2017
tt0475944,"The Covenant","[""Adventure"", ""Fantasy"", ""Horror""]",5.2,52668,2006
tt2039338,Flatliners,"[""Drama"", ""Horror"", ""Mystery""]",5.2,51763,2017
tt0103956,"Child's Play 3","[""Horror"", ""Thriller""]",5.2,47549,1991
tt2918436,"The Lazarus Effect","[""Horror"", ""Mystery"", ""Sci-Fi""]",5.2,46761,2015
tt2938956,"The Transporter Refueled","[""Action"", ""Thriller""]",5.2,45541,2015
tt0288045,"The Medallion","[""Action"", ""Comedy"", ""Fantasy""]",5.2,44461,2003
tt0095179,"Friday the 13th: The New Blood","[""Horror"", ""Thriller""]",5.2,43613,1988
tt1055366,"Camp Rock","[""Comedy"", ""Family"", ""Music""]",5.2,38134,2008
tt0482599,Shutter,"[""Horror"", ""Mystery"", ""Thriller""]",5.2,38041,2008
tt0419984,"Mr. Woodcock","[""Comedy"", ""Romance"", ""Sport""]",5.2,37240,2007
tt11301946,Beast,"[""Action"", ""Comedy"", ""Crime""]",5.2,37220,2022
tt4334266,"The Bad Batch","[""Action"", ""Horror"", ""Mystery""]",5.2,36135,2016
tt1712170,"Alex Cross","[""Action"", ""Crime"", ""Mystery""]",5.2,35698,2012
tt0463872,"Asterix at the Olympic Games","[""Adventure"", ""Comedy"", ""Family""]",5.2,33067,2008
tt1731697,"The Lords of Salem","[""Horror"", ""Thriller""]",5.2,32835,2012
tt8960382,"Radhe Shyam","[""Drama"", ""Romance""]",5.2,32184,2022
tt13964390,"Under Paris","[""Action"", ""Drama"", ""Horror""]",5.2,31925,2024
tt1467058,"Ruthless in Love","[""Drama"", ""Romance"", ""Short""]",5.2,31203,2009
tt6527426,Zero,"[""Comedy"", ""Drama"", ""Romance""]",5.2,30758,2018
tt14715170,"Falling for Christmas","[""Comedy"", ""Romance""]",5.2,29119,2022
tt0281373,"Snow Dogs","[""Adventure"", ""Comedy"", ""Family""]",5.2,28914,2002
tt3352390,"Friend Request","[""Horror"", ""Mystery"", ""Thriller""]",5.2,28102,2016
tt0405469,"The Wild","[""Adventure"", ""Animation"", ""Comedy""]",5.2,28085,2006
